2186.054,2014-10-10 09:35:31,这是哪里。。。。。,709726,26367
2531.855,2014-07-13 08:22:24,你倒是动啊~~~,909551,16711680
2532.7,2014-08-13 02:53:56,11111111111,242126,16777215
2537.855,2014-07-09 09:28:46,ka,610902,16777215
2543.127,2014-06-10 08:14:56,fangka,822507,16777215
2543.127,2014-05-29 18:35:26,fangka,670235,16777215
2543.759,2014-08-11 14:45:18,发檀木求不卡啊,195661,16777215
2546.85,2014-07-13 00:27:50,原来她妹妹 是主角、、、、,399123,16777215
2550.142,2015-01-19 09:43:45,kakaka,514966,16777215
2552.495,2015-10-12 09:12:43,P2不能看啊？？？,2057977,16777215
2553.635,2014-08-24 19:02:16,kakakaa,559003,16777215
2556.491,2015-02-02 05:30:11,空降,1172596,16777215
2556.815,2015-01-20 02:36:30,没有一点点防备。。。,637634,16777215
2557.347,2014-11-12 08:32:31,空降过头了,1030362,3355596
2558.73,2015-01-13 22:19:13,啦啦啦啦,1147861,16711680
2565.291,2014-12-10 09:49:28,怎么感觉少了一段。。,804002,16777215
2566.543,2014-09-15 12:05:00,终于注册成功的。。。。,967143,16777215
2579.279,2014-12-09 18:58:01,房卡,1034477,16711680
2580.628,2014-10-28 01:50:56,真爱之举！！！！,572785,16777215
2581.042,2015-02-04 10:08:09,5行缺日,1175189,16711680
2582.131,2015-01-16 07:41:26,-------------------,1146123,16777215
2583.572,2014-10-05 05:13:47,黑屏？,537952,16777215
2592.731,2014-11-10 17:19:47,您的蓝不够用了,1022352,3407667
2593.922,2014-12-25 06:38:54,我说2P怎么没人啊,1091405,52224
2594.482,2014-06-21 10:27:41,@吉安娜,268340,16777215
2601.525,2014-07-13 02:42:21,你是主角啊喂...,542626,16777215
2607.855,2014-07-06 10:09:19,说卡的网速问题,596593,16776960
2607.95,2014-08-11 09:02:43,先是金发然后是银发,184269,16777215
2611.836,2015-09-12 09:18:40,房卡,903879,16777215
2629.557,2014-10-10 09:37:11,打肉山了,709726,26367
2632.465,2014-06-14 12:38:58,冰雪女皇 络丝,719690,16777215
2633.813,2014-11-10 17:20:27,BUFF刷漆,1022352,3407667
2638.647,2015-01-17 07:34:14,什么都看不见,656708,16777215
2645.901,2014-07-30 09:11:26,.........,591162,16777215
2645.965,2014-06-14 12:39:11,寒冰石巨人,719690,16777215
2647.2,2014-07-13 02:43:26,冰雪妹妹起源,542626,16777215
2647.553,2014-11-24 10:46:37,卡卡卡卡卡卡卡卡卡卡卡卡卡卡卡卡卡卡卡卡卡卡,384953,16777215
2648.429,2014-11-10 17:20:42,QS来个王者，战士拉好怪啊,1022352,3407667
2654.171,2014-07-06 10:10:18,另一个人你好？在的话按1,596593,16776960
2655.958,2014-07-13 02:44:07,说按1的  智商呢,542626,16777215
2664.08,2014-11-10 17:20:58,LR别乱跑，快点输出,1022352,3407667
2664.364,2014-09-16 18:09:10,1,944525,16777215
2666.118,2014-10-10 05:24:22,111,693212,16777215
2668.028,2014-12-31 00:46:26,NO，别卡啊,759925,16777215
2671.63,2015-01-31 05:50:52,又是作死的,1136383,16777215
2682.918,2014-09-13 07:00:15,宠物都不带 还打冰法 找死,853710,16777215
2690.076,2014-12-31 01:27:24,不要告诉我这两个在一起了！！！,1129567,16777215
2697.346,2014-11-10 17:21:31,致命打击,1022352,3407667
2699.736,2014-08-11 09:28:06,卡,321028,16777215
2712.138,2014-06-10 08:18:44,房卡,822507,16777215
2719.017,2014-06-23 07:16:39,火墙火墙火墙火墙火墙火墙火墙火墙火墙火墙火墙火墙火墙火墙火墙,662008,16711680
2719.523,2014-07-26 01:04:50,房卡,548716,16777215
2720.131,2014-11-10 17:21:54,LR对冰法，想多了吧,1022352,3407667
2731.299,2014-06-23 07:16:08,火墙火墙火墙火墙火墙火墙火墙火墙,662008,16711680
2732.331,2014-11-10 17:22:06,LR沉默呢,1022352,3407667
2734.389,2014-09-26 13:54:35,听说发个弹幕就不卡了,955633,16777215
2744.839,2014-07-06 10:11:37,网速问题,596593,16776960
2749.972,2015-10-22 22:11:17,好卡啊,2302851,16777215
2759.277,2014-09-07 04:43:52,声音好刺耳,888839,6750156
2762.328,2015-02-02 05:33:36,不会姐姐爱上了妹妹的男人了吧？,1172596,16777215
2765.846,2015-01-19 10:58:29,原来只是梦,1043519,0
2766.147,2014-11-10 17:22:40,为何不帮她挡住,1022352,3407667
2768.803,2014-09-22 15:43:10,所以说完全看不出他什么时候开始坏的……】,336144,6750003
2776.631,2014-09-09 13:03:29,红字别TM剧透了，透个蛋,900146,255
2784.479,2014-11-10 17:22:58,巫妖王被锁住了,1022352,3407667
2789.753,2015-01-25 03:40:26,等等...国王呢！！？？...,766785,16777215
2790.96,2014-08-21 05:15:09,脚啊,892416,16777215
2805.622,2014-08-21 05:15:24,脚不是还可以用魔法？,892416,16777215
2828.187,2014-11-30 05:43:47,贵圈真乱,879853,16737894
2845.405,2015-01-31 04:02:37,噢  FUCK,987451,13382655
2851.949,2014-11-10 17:24:06,海楼石也封不了我的恶魔果实能力,1022352,3407667
2884.964,2015-10-22 22:17:18,怎样才不卡,2302851,16777215
2901.788,2014-07-18 21:57:54,我擦嘞。。。。缓冲条已经读到头了 居然还会卡 ,880107,16777215
2908.0,2014-12-13 20:46:21,最后驯鹿王子要来拯救王国,300862,16776960
2920.496,2014-11-24 10:58:03,卡卡,384953,16777215
2927.83,2014-12-18 09:30:03,一直都没感受过卡额， 人品么？,1046265,16777215
2937.779,2014-08-17 08:54:48,黑了,118652,16777215
2942.101,2014-09-29 18:43:59,吻是那个石头乱说的不是吗！,166482,16777215
2952.118,2014-11-16 11:47:42,..,256543,16777215
2953.757,2014-06-08 13:41:59,啪啪啪,814582,16776960
2956.238,2014-12-31 16:30:38,安娜：快来给我补魔,773458,16777215
2960.238,2014-10-28 01:57:16,啪啪啪,572785,16777215
2963.528,2015-01-24 01:01:22,真爱之“举”,1150279,16777215
2964.044,2014-09-10 02:19:45,哦，谢特，好急！,263140,3381759
2965.975,2014-11-10 17:26:00,亲哇王子。。,1022352,3407667
2966.109,2015-01-21 12:17:18,你TM到底吻不吻？ 不吻我来！,1042961,16711680
2972.252,2015-01-31 05:55:56,长了驯鹿角的牛,1136383,16777215
2976.316,2015-02-01 04:52:34,王子的黑化很牵强，一点前兆都没有,882455,16724736
2977.654,2014-11-06 01:14:07,怕战复安娜，自己就不是王子了,975483,16777215
2978.0,2014-12-13 20:47:10,有便宜不占,300862,16776960
2982.257,2014-08-17 08:55:32,我就说黑了吧,118652,16777215
2985.368,2014-07-18 21:59:01,小公主太连清了。。。,880107,16777215
2986.284,2015-01-31 05:56:10,骗子,1136383,16777215
2993.416,2014-08-17 11:19:34,我觉得这种时候让姐姐来吻她肯定可以成功,245686,16777215
2995.425,2014-11-10 17:26:29,十三哥,1022352,3407667
2996.559,2014-09-07 04:48:13,腹黑啊 卧槽 好演技 caonima,888839,6750156
2997.763,2014-07-19 11:15:20,hhhhhhhhhhhhhhhhh~,488777,16777215
3003.966,2014-09-22 15:47:32,我也觉得铺垫得不够……之前这货都做得很好啊，如果是演技也太可怕了,336144,6750003
3013.974,2014-06-08 13:43:00,导演好样的,814582,16776960
3020.344,2015-02-01 04:53:33,装什么逼啊，没剧透你看得出,882455,16724736
3020.916,2014-09-03 03:41:12,绿字笑尿,846550,16777215
3042.304,2014-07-19 11:16:05,反派死于话多,488777,16777215
3050.477,2014-09-15 04:24:21,抱歉 打得不错,604892,16711680
3052.125,2014-08-21 05:22:05,不然你们以为反派都是怎么死的,892416,16777215
3055.584,2014-09-03 03:41:48,还是百合好,846550,16777215
3062.492,2014-11-10 17:27:38,智力手套5G一双,1022352,3407667
3063.503,2015-01-31 05:57:27,傻女人,1136383,16777215
3094.575,2015-02-02 05:39:10,话唠往往是他们失败的原因,1172596,16777215
3096.617,2014-09-03 03:42:29,影帝,846550,16777215
3098.169,2015-01-31 05:58:02,黑化肥,1136383,16777215
3101.94,2014-06-04 11:31:24,你敢用JJ捅冰窟窿？,707396,13421568
3102.689,2014-07-27 05:40:19,迪斯尼毕竟不会弄得太黑这是要给小朋友看的,248006,16777215
3120.835,2015-01-31 05:58:24,坏人,1136383,16777215
3121.5,2014-09-03 03:42:55,迪士尼居然这么黑不科学,846550,16777215
3147.618,2015-01-26 09:20:51,各位是不是不了解欧洲的风俗啊,884612,16777215
3153.994,2014-09-26 14:04:37,看弹幕量就知道多少人被卡到放弃了,955633,16777215
3158.012,2014-09-03 03:43:31,逗比雪人呢？,846550,16777215
3165.025,2015-01-22 19:18:24,还真有人觉得这电影的目标观众是儿童？,172995,16777215
3173.266,2014-06-21 10:37:20,驴子好主公,268340,16777215
3175.826,2014-11-10 17:29:32,我的蛋,1022352,3407667
3182.144,2015-02-04 02:53:07,你们知道地精王子的配音是gay吗 前男友是zake,1110516,16777215
3187.183,2015-01-26 09:26:56,fuck,1017852,65280
3218.8,2014-09-09 08:42:04,后入驯鹿赞,36640,16777215
3223.222,2014-09-09 08:42:09,....,36640,16777215
3223.528,2014-11-02 04:36:39,...,946527,16777215
3226.12,2014-09-15 04:27:16,胡萝卜开门,604892,16711680
3226.902,2015-01-31 06:00:11,喜感,1136383,16777215
3231.526,2014-09-03 03:44:45,居然是你……,846550,16777215
3236.476,2014-07-14 03:28:53,。。。。。。。。。。。,730164,16777215
3236.476,2014-07-14 03:28:23,卡死了,730164,16777215
3236.476,2014-07-14 03:28:19,我草,730164,16777215
3236.476,2014-07-14 03:27:59,女王才是,730164,16777215
3236.476,2014-07-14 03:27:34,卡死了,730164,16777215
3236.476,2014-07-14 03:27:12,卡,730164,16777215
3282.428,2014-09-12 02:47:12,真爱,730221,16777215
3288.567,2014-09-03 03:45:43,让雪人吻你吧,846550,16777215
3296.689,2014-08-17 11:24:38,明明是姐姐最爱你,245686,16777215
3298.855,2014-12-31 16:36:56,看到这里我突然意识到那句老话，穷养儿福养女，三次元安娜就是个公交车,773458,16777215
3325.814,2014-09-07 04:54:34,新技能get,888839,6750156
3326.471,2014-09-15 04:28:57,····,604892,16711680
3334.365,2014-11-10 17:32:11,这望眼镜,1022352,3407667
3335.231,2014-09-03 03:46:29,新技能,846550,16777215
3358.581,2014-09-08 00:17:53,@后天,812709,16777215
3384.857,2014-06-27 02:54:00,暂停成功舔女王大腿,249326,16777215
3387.25,2014-11-10 17:33:04,这衣服好评,1022352,3407667
3391.454,2014-07-13 02:59:40,脑残略多,542626,16777215
3410.364,2014-11-11 05:52:40,白发魔女,71919,16777215
3410.717,2014-10-28 10:22:02,就一个卡通片A站的喷子都能各种龌龊心思也是醉了,453609,16777215
3413.827,2014-06-06 02:01:06,开着大跑的冰女,655681,16777215
3422.859,2014-06-26 01:46:13,你们男人见一个爱一个就可以了？评论陌生女人胸大腿长 是不是绿茶鸭  女人会平路男人巨根与否么 ,509613,16777215
3425.887,2015-02-02 05:42:33,这染发剂不错！,1172596,16777215
3429.408,2015-01-08 01:48:57,男人和女人不一样傻妹子。。。,1052468,3407616
3441.033,2014-07-27 10:08:29,克里斯多夫丽为。。。,884379,16777215
3447.319,2014-11-10 17:34:04,这是北京？,1022352,3407667
3451.694,2014-12-16 05:33:46,为啥这么卡,1054072,65535
3455.569,2015-01-18 23:38:21,房卡,1134410,16777215
3460.58,2014-08-28 10:24:10,有,724494,3407616
3461.473,2014-12-03 08:38:05,突然觉得安娜根本就不懂她姐姐,1056726,16777215
3462.342,2015-01-08 01:49:33,没有,1052468,3407616
3462.344,2014-09-14 02:13:18,妹妹白头发可爱,957705,3394764
3477.046,2014-12-22 04:45:05,勋鹿骑士克***。。。好吧我没记住名字,821886,16777215
3479.056,2015-01-14 04:39:37,屈服再巫妖王的威力下吧,1040149,16777215
3480.554,2014-08-02 10:07:10,寒霜瞬移,558965,16777215
3483.761,2014-07-13 03:04:30,50m的 鹏博吗...........   ,542626,16777215
3497.43,2014-07-13 00:46:05,1000M的很流畅,399123,16777215
3510.672,2014-07-13 03:04:59,卡的清投诉网络运营商~~~,542626,16777215
3515.436,2014-12-16 05:35:25,所以迪士尼的动物们都有一颗二哈的心是吗,1054072,65535
3515.798,2014-09-09 13:00:51,2mb宽带表示不卡 860 233333,821906,16776960
3517.009,2014-08-10 10:24:19,这高清1080P的，没个好点配置，你敢看？,478496,16777215
3519.131,2015-01-08 01:50:37,最喜欢驯鹿,1052468,3407616
3527.608,2014-09-25 20:01:59,4M一直没卡过，说卡的检查下自己的机器配置,877561,16777215
3531.175,2015-02-04 06:25:25,卡的问题是确实是浏览器，我用单位电脑不卡，回家就卡了,1116317,16777215
3546.725,2014-09-22 15:56:59,这时候补刀是作死啊……,336144,6750003
3557.648,2014-12-29 11:43:08,狮子王既视感。。。,897345,16777215
3570.901,2014-11-06 11:24:44,无压力路过,2766,16777215
3572.386,2014-11-10 17:36:09,BUFF时间到了,1022352,3407667
3582.499,2014-11-04 13:51:06,这是连空间都冻住了啊,377734,16777215
3585.296,2015-10-12 09:29:56,233333333,2057977,16777215
3587.193,2014-09-07 04:59:08,真爱之举MAX 准备,888839,6750156
3588.054,2014-08-21 05:32:11,羞羞的来了,892416,16777215
3589.456,2014-07-13 03:06:43,时间逆转,542626,16777215
3596.035,2014-08-17 07:01:48,为了活命就想到这个男人了吗？,361473,16777215
3602.48,2014-08-28 10:26:42,果然姐姐才是真爱,724494,3407616
3607.846,2014-08-17 11:29:49,果然爱的是姐姐,245686,16777215
3612.152,2014-09-15 04:33:43,冰箱,604892,16711680
3616.835,2014-11-10 17:36:53,冰霜,1022352,3407667
3617.772,2014-10-18 09:09:07,这是冰箱好吗,981030,16777215
3624.334,2014-09-03 03:51:19,吹口气……,846550,16777215
3626.007,2014-11-10 17:37:08,这冰，自带美瞳！,1022352,3407667
3627.242,2014-08-17 08:57:12,冰箱教做人,224482,16777215
3630.15,2014-07-16 08:40:14,卡出翔，出去健身两小时，回来还是卡！！！！,655319,16777215
3631.117,2014-08-21 05:32:54,百合赛高,892416,16777215
3631.555,2015-02-04 06:27:18,抽烟的你tm,1116317,16777215
3637.637,2014-08-17 11:30:19,吻下去啊姐姐,245686,16777215
3637.651,2014-10-18 09:09:27,法爷是无敌的,981030,16777215
3639.283,2014-09-30 14:41:57,王子怎么不见了,166482,16777215
3640.975,2014-09-03 03:51:36,安娜：我觉得我还能抢救一下,846550,16777215
3643.879,2015-01-16 07:50:27,喝汽水,1146123,16777215
3645.454,2014-06-21 10:45:12,真爱是姐姐,268340,16777215
3651.0,2014-09-22 15:58:59,姐姐亲一个试试？,336144,6750003
3651.87,2014-12-02 08:05:14,卧槽屏幕怎么模糊了,1068764,16777215
3652.238,2014-09-21 13:23:49,趁热啊,422970,16777215
3663.0,2014-09-26 00:48:54,真爱。。,266129,16777215
3663.104,2014-11-10 17:38:02,别哭了，这是我新学的技能：冰霜,1022352,3407667
3663.693,2014-08-17 09:07:26,= =姐姐才是真爱，百合赛高的节奏啊,118652,16777215
3666.322,2014-08-17 11:30:47,果然是百合,245686,16777215
3667.295,2014-09-22 15:59:44,当时看到这我惊呆了，真是万万没想到,336144,6750003
3671.876,2014-11-23 08:58:13,金身时间到了，快丢技能！,311139,65535
3674.62,2014-07-19 11:26:57,真爱？？？？？？！！！！！！！！！！！！,488777,16777215
3676.309,2015-02-02 05:46:44,果然姐妹总是越来越一样的,1172596,16777215
3676.63,2015-01-26 11:34:24,百合赛高卜解释,420552,16777215
3678.03,2014-08-04 01:26:12,姐姐的眼泪也是真爱,510704,16777215
3679.015,2014-09-07 05:00:56,等等 .... 这是真爱之举、？  百合,888839,6750156
3679.616,2014-09-03 03:52:14,我觉得还能抢救,846550,16777215
3680.268,2014-08-21 05:33:52,这这的丽桑卓啊,892416,16777215
3684.3,2014-08-31 01:08:17,卧槽，百合啊,599296,6750207
3690.23,2014-08-25 22:44:09,姐妹真爱！,370792,16777215
3690.969,2015-01-18 13:28:44,Acer们  雪人满足了你们的YY,962406,16711680
3692.974,2015-01-26 09:35:47,卧槽，真百合,1017852,65280
3693.058,2014-11-12 08:52:25,。。。真爱百合。。。,1030362,3355596
3694.23,2015-01-26 11:34:42,局势还是卜严骏,420552,16777215
3694.316,2014-10-14 13:01:32,喂，王子就算了男主呢？,107746,16777215
3694.76,2014-10-30 15:14:09,卧槽..这才是真爱。。,736509,13421772
3697.739,2014-11-11 05:57:30,性别不一样能谈恋爱吗 混蛋,71919,16777215
3698.375,2015-01-08 00:14:25,卧槽，哈哈哈姐姐才是真爱,998593,16777215
3701.116,2014-08-06 19:07:52,教小女孩百合的电影啊,333896,16776960
3702.098,2015-10-19 01:45:14,23333333,1197841,16711680
3705.591,2014-11-10 17:38:46,你们这让驯鹿男情何以堪？？？,1022352,3407667
3708.26,2014-06-28 02:18:05,姐姐再爱我一次23333333333,810833,16777215
3708.645,2015-02-02 05:47:16,啊！,1172596,16777215
3708.997,2014-10-27 23:56:29,草啊姐姐才是真爱。。。结婚吧。。。。。。。。。。。。。。。。。。。。,983687,16777215
3712.969,2014-12-16 05:39:03,真爱啊,1054072,65535
3713.121,2014-09-15 12:23:09,纳尼？！,967143,16777215
3714.217,2014-07-13 03:08:48,开窍了~~~,542626,16777215
3716.174,2014-09-03 03:52:51,嘿呀,846550,16777215
3718.88,2014-06-25 19:54:01,kkkkk,499934,16777215
3720.334,2014-12-22 05:23:48,碰到姐姐的手了也没事,821886,16777215
3723.874,2015-02-02 05:47:31,性别不同，怎么相爱？,1172596,16777215
3726.261,2016-01-05 03:54:32,第二集发现两人不是亲姐妹。。然后真百合结局,2764450,16777215
3730.588,2014-09-16 08:40:02,如果有人站在峡湾的冰面上不像女王他们一样站在船上岂不是要掉下水了,624275,16777215
3731.904,2014-06-06 02:06:25,晋级了,655681,16777215
3735.575,2014-11-10 17:39:16,冰天雪地  解除,1022352,3407667
3737.66,2014-09-07 05:02:12,等一下 那等会儿小雪人怎么办,888839,6750156
3738.251,2014-12-05 04:34:00,同性，草,1009829,16777215
3742.02,2014-09-09 07:47:39,巴扎黑,946821,16777215
3755.228,2015-01-26 11:35:43,本片别名：雪人被谋杀案,420552,16777215
3755.741,2014-10-28 01:26:41,狮子王辛巴不是炮灰！,502114,16777215
3759.778,2015-10-12 09:32:50,10M表示一点也不卡啊,2057977,16777215
3764.379,2015-02-02 05:48:12,拉拉之颂,1172596,16777215
3776.072,2014-11-09 21:01:13,刃甲开的时机果然关键,960177,16777215
3779.639,2014-09-07 01:01:29,衣服笑尿。。,902240,16777215
3791.357,2014-09-30 14:44:41, 为什么她揍王子，臣民那么开心,166482,16777215
3793.965,2014-09-03 03:54:08,女侠好臂力,846550,16777215
3796.391,2015-01-25 02:59:42,安娜完成了一次双杀,1160525,16777215
3796.817,2015-02-04 03:03:35,男主跟驯鹿在一起了,1110516,16777215
3797.543,2014-08-21 05:39:06,真爱，好感动,892416,16777215
3804.591,2014-11-10 17:40:25,升龙拳,1022352,3407667
3807.146,2014-06-21 10:47:54,好基友麋鹿,268340,16777215
3818.291,2014-07-12 17:28:38,12位哥♂哥,251629,16777215
3835.342,2014-09-24 08:38:51,迪士尼动漫剧情不适合搞的台服在,638313,16777215
3845.291,2014-11-10 17:41:18,公主为何那么喜欢穿女仆装？,1022352,3407667
3849.381,2014-12-16 05:44:50,斯万骚骚的,1054072,65535
3853.139,2015-02-01 05:08:43, 驯鹿骚想干,882455,16724736
3856.481,2014-09-30 06:46:21,香车美女！,352787,16777215
3858.553,2015-01-08 00:17:05,妹妹很可爱,998593,16777215
3861.56,2014-11-12 08:55:32,猥琐盾。。字幕好,1030362,3355596
3870.379,2014-06-06 02:08:43,汪星人你肿么了,655681,16777215
3871.199,2014-12-31 16:46:54,论《我姐姐是国王？》的重要性,773458,16777215
3872.002,2015-01-18 13:32:19,有你姐姐在 还用运冰吗  还是说。。去你姐姐那运- -？,962406,16711680
3888.621,2014-11-27 03:41:44,秀恩爱死得快！！！FFF团在哪里？站出来！诅咒他们！,1052128,16776960
3889.812,2014-10-30 15:17:23,。。,736509,13421772
3891.675,2014-07-29 01:28:13,邪恶的字幕呢,642436,16777215
3892.219,2014-11-06 00:49:23,yoooooooooooooooooooo,943385,16724736
3892.761,2014-08-06 19:12:38,姐姐~冰死异性恋,333896,16776960
3894.833,2014-08-06 19:11:39,FFFFFFFFFFFFFFFFF 姐姐冰死异性恋,333896,16776960
3895.342,2014-07-29 01:28:29,少儿不宜,642436,16777215
3897.7,2015-10-12 09:35:08,FFFFFFFFF,2057977,16777215
3898.247,2015-10-19 01:48:30,FFFFFFFFFFFFFFFFFFFFFF,1197841,16711680
3898.668,2014-06-21 10:49:26,。。。,268340,16777215
3898.81,2014-07-13 03:11:53, = =,542626,16777215
3899.337,2015-01-29 10:05:06,shit,621294,16777215
3899.51,2014-06-08 14:01:25,FFFFFFFFFFFFFFFFFFFFFFFFFFFF,814582,16776960
3900.812,2014-06-26 01:54:11,FFFFF呢！！！！！！,509613,16777215
3904.185,2014-11-03 05:37:49,2014年11月3日18:36:36  在线1,1015746,16777215
3904.784,2014-08-17 09:11:46,终于吃到了23333333,118652,16777215
3905.071,2015-02-04 06:31:59,大姨子是女王,1116317,16777215
3908.657,2014-11-10 17:42:37,啊我的鼻子！！     还给你,1022352,3407667
3908.878,2014-09-03 19:40:17,哈哈,743122,16777215
3909.021,2014-11-11 06:01:01,病死异性恋,71919,16777215
3914.614,2014-07-20 05:53:15,当然的还是对姐姐的爱吧~.,819063,16777215
3915.662,2014-06-14 13:00:22,哈哈哈,719690,16777215
3917.668,2014-09-07 16:39:13,暂停舔女王腿,370792,3394560
3917.708,2014-11-12 06:47:32,真爱~~,930891,16777215
3918.958,2014-11-10 17:43:21,我随便舵下地，就有一片雪，想不想学？,1022352,3407667
3924.981,2014-10-24 20:52:35,暂停撸大腿,129397,16777215
3925.295,2014-08-02 10:14:39,舔！,285637,16711680
3925.759,2014-08-28 10:30:34,说天朝做不出这种特效的也是无知的可以,555682,16777215
3926.872,2015-02-02 05:50:54,我喜欢这双鞋,1172596,16777215
3930.43,2014-11-04 13:56:54,这腿可以玩一辈子。,377734,16777215
3935.173,2015-01-18 13:37:01,天朝确实可以做，就是不舍得花钱，做了怕赚不回来，只能说都太现实了吧   个人观点 勿喷,962406,16711680
3935.323,2015-01-26 11:38:43,姐姐求干我,420552,16777215
3935.899,2015-02-01 05:10:29,天朝动画没钱，你去看看迪斯尼一部片子的成本,882455,16724736
3936.915,2014-09-09 13:28:19,天朝有这种技术，但是做出来的东西没有灵魂,900146,255
3943.673,2014-11-10 17:43:48,我的溜冰鞋，时尚时尚最时尚,1022352,3407667
3952.023,2014-08-28 10:31:26,投了一亿美元做动画片的时候又会有神经病跳出来说不如去扶贫啊,555682,16777215
3952.819,2015-01-16 07:55:36,结局竟然是百合,1146123,16777215
3955.413,2014-12-10 02:58:17,卡卡卡,1056726,16777215
3955.455,2014-10-24 20:53:06,结果摔死了... ,129397,16777215
3956.58,2015-01-01 00:14:20,笑看前面秀智商   你不知道这部片超过百分之80的片段都是包给中国工作室做的？,939320,16777215
3958.058,2014-12-10 02:58:38,2014.12.10在线的出来,1056726,16777215
3958.355,2014-07-13 03:13:12,这么大的投资  不如放在建设上= =~~~,542626,16777215
3960.027,2014-06-28 02:22:22,划破衣服,810833,16777215
3960.711,2014-11-11 05:49:36,摩擦摩擦,339279,16777215
3960.724,2014-09-24 08:41:17,外包一些简单的东西罢了,638313,16777215
3961.63,2014-07-03 00:28:50,卡死了,527411,16777215
3961.814,2015-01-28 05:06:51,卡的抠脚，买了个表,1129882,16750899
3967.721,2014-08-21 05:42:36,人家是商人，人家有票房盈利的，我们这大部分是非法沾光而已,892416,16777215
3968.743,2014-08-31 01:14:28,好看死了！！！！！,599296,6750207
3970.402,2014-10-16 05:06:42,这也是种精神建设,395333,16711680
3974.896,2014-11-27 03:44:03,呵呵，那你别看啊，谁让你看了，还花在建设上？看完了BB,1052128,16776960
3975.671,2014-12-16 14:17:04,高档夏天 滑雪场所 ,1061826,16777215
3976.385,2014-10-18 11:25:10,二〇一四年十月十八日 23:27:30,793010,16777215
3976.567,2014-09-07 05:06:12,好好看,888839,6750156
3982.42,2014-06-23 08:05:42,从此公主和王子过上了羞羞的生活,509143,16711935
3983.739,2015-02-05 00:47:17,结尾有彩蛋  ,1057036,16711680
3987.298,2014-12-16 14:17:16,打卡 2014年12月17日03:10:53,1061826,16777215
3988.912,2014-10-28 05:25:55,看完打卡,943857,16777215
3989.913,2014-12-02 08:10:53,好看！好看！好看！,1068764,16777215
3991.898,2014-07-18 22:15:34,有个强力冰法真是屌！！,880107,16777215
3992.161,2014-12-31 01:11:42,打卡。,759925,16777215
3993.471,2014-09-07 05:07:26,The end 下部电影见~,888839,6750156
3995.61,2014-07-03 13:32:36,看完打卡,906213,16777215
3996.268,2015-01-11 09:27:27,看完打卡,567171,16777215
3997.787,2015-01-26 09:42:29,open gay 笑尿,1017852,65280
3997.955,2014-08-17 09:19:31,2014-8-17 21:20:30,909799,16777215
3999.061,2014-11-11 06:02:32,结尾有彩蛋,71919,16777215
3999.179,2014-09-15 12:27:55,- -,967143,16777215
4001.676,2015-02-03 11:32:11,打卡 后面有彩蛋,817019,6750003
4007.021,2015-02-05 00:47:41,彩蛋在33:08,1057036,16711680
4008.546,2014-12-28 08:36:45,2014-12-28,979091,16777215
4008.986,2014-12-02 08:11:15,打卡2014.12.2,1068764,16777215
4010.743,2014-06-24 10:51:37,2014-6-24,306729,16777215
4011.457,2014-06-19 10:56:30,良片,718550,16777215
4011.753,2016-01-09 10:09:06,2016年1月9日23:05:29,172747,16777215
4013.174,2015-01-29 14:24:32,2015年1月30日 03:31:41,1158178,16777215
4013.42,2015-01-02 05:29:55,赞赞赞,752601,16777215
4018.21,2014-06-25 21:38:43,完结散花，，百合好评,805957,16777215
4018.364,2014-12-06 11:19:58,太美了,929540,16777215
4020.098,2014-07-29 01:31:54,。。。。,642436,16777215
4023.322,2014-06-23 08:24:36,说雪人鼻子的你是大神，我承认你了,667478,16777215
4031.29,2014-08-31 01:21:06,2014.8.31打卡,599296,6750207
4034.818,2014-11-29 08:06:43,说卡的是电脑不行吧 根本不卡- -,1066809,16777215
4035.471,2014-12-18 10:54:22,结尾打卡，，， love,1046265,16750848
4045.16,2014-11-09 23:56:39,看这形状 让我想起了~以前坑冒险的雪花标``,221221,16777215
4046.735,2014-08-02 10:26:18,结尾打卡,858583,16777215
4048.9,2015-01-24 10:14:13,2015年1月24日 23:14:08 打卡,455421,65280
4052.471,2014-11-10 17:45:37,大家好，我是绿字，结束打卡：2014.11.11.6.45,1022352,3407667
4055.557,2014-07-29 01:32:30,百合片。最后汉斯和那个骑骆驼的搞基了,642436,16777215
4060.444,2014-08-11 20:31:16,片尾打卡,706798,16777215
4061.591,2015-09-12 08:23:57,好好看 好好听,461183,16777215
4061.846,2014-08-21 08:35:52,明明是骑麋鹿的和他的麋鹿在一起了,867310,16777215
4064.223,2014-07-29 01:33:03,一个搞基，一个搞姬,642436,16777215
4064.987,2014-12-18 10:54:52,4m  的网都不卡   你们的显卡是怎么了，，，，,1046265,16750848
4067.688,2015-09-12 09:39:38,冒险岛的齿轮。。。,931210,16777215
4070.541,2014-09-24 09:47:07,2014.9.24 21：44,968832,16777215
4070.889,2014-07-01 08:48:01,2014年7月1日 20:47:42   第16遍...,893058,16777215
4075.33,2014-07-29 01:33:24,主题曲好评,642436,16777215
4075.475,2014-07-02 05:38:07,百合好评,902088,16777215
4076.273,2014-07-18 22:16:16,所以才上传这个视频的么。。。,880107,16777215
4084.879,2014-12-19 07:07:33,2014年12月19日20:04:57,19881,16777215
4087.099,2014-07-16 07:33:49,来着购。。,360128,16777215
4092.663,2014-12-24 00:25:13,结尾打卡，一点都不卡啊,918074,16711680
4093.07,2014-08-25 22:50:57,女王我娶你,370792,16777215
4093.196,2015-09-13 01:38:38,2015年9月13日13:38打卡,494935,16777215
4093.456,2014-09-24 14:26:54,2014年9月25日2:25:46,907687,16777215
4097.917,2014-06-29 01:28:37,2014年6月29日13:28:35,422083,16777215
4101.884,2014-11-08 05:25:19,20141108,620387,16777215
4112.349,2014-07-16 07:34:13,好电影  以后给我儿子或者女儿看,360128,16777215
4119.061,2014-08-15 12:30:38,打卡~~~~,41466,16777215
4122.119,2014-09-03 08:49:11,zan ,947003,16777215
4128.877,2014-08-27 12:28:27,打卡2014年8月28日00:26:37,937302,16777215
4130.255,2014-07-11 23:08:42,2014.7.12.11:08:55,604892,16777215
4135.378,2014-10-26 07:56:54,2014.10.26.19.58,564972,16777215
4135.691,2014-08-28 10:28:16,说看不到的明明是自己看的太少，就别秀智商了,555682,16777215
4138.085,2014-12-15 07:27:29,女儿很爱听这首歌。。顺便打卡,858730,16777215
4139.172,2014-09-10 08:49:59,2014.9.10打卡,939846,16777215
4139.594,2014-09-16 18:33:46,结局打个卡,944525,16777215
4142.357,2014-12-10 03:02:22,在线6们泥萌嚎,1056726,16777215
4150.56,2015-02-05 00:44:47,打卡,1057036,16711680
4151.03,2014-08-26 11:57:22,这剧成本1.5亿美元,432209,16777215
4152.074,2015-01-31 03:41:05,艾尔莎是我的,1160622,16777215
4154.805,2014-12-18 10:56:22,别一直BB 国产不好，，,1046265,16750848
4159.113,2014-08-14 00:29:54,2014  08 14 12 30,440373,16777215
4159.997,2015-01-22 19:35:45,中国不是做不出，只要有傻多速肯拿1.5亿出来并且没人贪掉的话,172995,16777215
4160.185,2014-06-17 14:11:14,看完打卡,373207,16777215
4174.334,2014-07-29 01:35:05,ffffffffffffffffffffffffffffffffffffffffffffffffffffffffffffffffffffffffffffffffffffffffffffffffffff,642436,16777215
4180.476,2014-09-16 18:34:27,管他哪里的，好作品就顶,944525,16777215
4182.554,2014-12-10 03:03:03,其实国产也有好东西的说，十冷难道不好？,1056726,16777215
4182.684,2014-08-29 00:34:53,性别都不同，怎么谈恋爱,505839,16776960
4184.605,2014-08-28 10:26:01,我觉得中文版很好，莫名就黑的也是脑残,555682,16777215
4187.877,2014-09-05 01:58:55,2014.9.5,925252,16777215
4188.623,2014-10-22 04:23:12,结尾打个,1001682,16711731
4192.663,2014-10-22 04:23:16,结尾打卡,1001682,16711731
4192.82,2014-10-27 10:40:12,片尾打卡,945186,16777215
4193.134,2014-06-23 09:41:37,注意看很多中国人,471968,16777215
4193.176,2015-01-06 07:26:26,555555555555,1057543,16711935
4197.592,2014-08-21 08:39:10,2014年8月21日20:40:14,867310,16777215
4198.077,2014-11-09 09:40:23,为什么到结尾了一点都不卡了,977411,16777215
4200.061,2014-07-08 23:23:32,2014年7月9日 11:22:46,599731,16777215
4211.67,2014-09-16 11:45:16,有彩蛋没？,893711,16777215
4212.747,2014-06-21 10:54:23,还没到彩蛋嘛,268340,16777215
4216.298,2014-09-11 06:51:04,2014年9月11日18:52:10,959911,16777215
4405.489,2014-09-26 23:49:42,打卡,955633,16777215
4413.267,2014-12-10 03:05:01,蛋呢？,1056726,16777215
4418.04,2015-01-16 08:46:11,还是打个卡~,932435,16777215
4437.296,2014-09-02 06:25:26,特地来看彩蛋,448393,16777215
4441.843,2014-12-10 03:05:32,2333,1056726,16777215
4454.85,2014-12-10 03:05:46,彩蛋在最后面,1056726,16777215
4486.838,2015-10-12 09:37:39,来看彩蛋的哦,2057977,16777215
4491.283,2014-08-31 01:22:16,木有彩蛋%>_<%,599296,6750207
4492.158,2014-08-17 10:44:15,彩蛋呢？,575954,16777215
4506.806,2015-10-12 09:37:57,彩蛋来了哦！！,2057977,16777215
4508.216,2015-02-03 11:32:56,彩蛋马上出来,817019,6750003
4515.293,2014-12-10 03:06:54,蛋来了,1056726,16777215
4515.544,2014-08-17 10:44:38,还50秒- -卧槽,575954,16777215
4520.95,2014-10-21 23:06:16,结尾打卡2014年10月22日 11:04:19,868152,6749952
4521.298,2014-08-31 01:22:43,看彩蛋的点我！！！！,599296,6750207
4521.985,2014-06-26 02:05:37,彩蛋~,509613,16777215
4522.067,2014-07-23 08:35:01,daka,636982,16777215
4524.642,2015-01-20 10:26:48,打卡,1149940,3355647
4525.754,2014-07-07 09:26:02,daka,865452,16777215
4527.469,2014-07-23 08:35:12,结尾打卡,636982,16777215
4528.945,2015-01-16 22:49:20,！！！！！！！！,1150842,16777215
4529.173,2015-10-12 09:38:19,彩蛋点赞哦,2057977,16777215
4531.114,2014-06-17 14:12:59,坐等彩蛋,373207,16777215
4534.575,2014-08-31 01:23:02,萌萌哒！！！,599296,6750207
4540.234,2014-08-15 17:03:24,打卡,683766,16777215
4549.233,2014-08-31 01:23:19,棒,599296,6750207
4551.305,2015-10-12 09:38:41,点赞哦,2057977,16777215
4558.64,2014-06-07 06:33:48,结尾打卡,497600,16777215
4561.392,2014-06-17 14:13:29,完结大卡,373207,16777215
