0.0,2015-12-14 03:31:42,？,D0aa3a40,1,FFFFFF
0.0,2015-12-14 03:31:51,这,D0aa3a40,1,FFFFFF
0.0,2015-12-14 09:56:16,GG,13853397,1,FFFFFF
0.0,2015-12-19 04:48:37,我是小火柴呀,D4c6464c,1,FFFFFF
0.0,2016-01-05 07:06:13,滑稽,34c21f8d,1,FFFFFF
1.929,2016-01-14 14:19:00,特別回來推薦！還有投幣！！,81d06334,1,FFFFFF
1.929,2016-01-14 14:19:22,阿波珠素哥以呢，比例必粒都嘎！！,81d06334,1,FFFFFF
2.294,2016-01-04 22:00:02,好看吗,70f2b071,1,1300D3
3.879,2015-12-19 08:26:15,能在卡点吗,d65dd7f8,1,FFFFFF
6.439,2015-12-19 18:03:49,文艺作品中终于有比男作家更渣的生物出现了 - 法国女人,300c8868,1,FFFFFF
6.439,2015-12-19 18:20:13,本片可改名渣在一起,300c8868,1,FFFFFF
6.439,2015-12-19 18:31:41,threesome。。。,300c8868,1,FFFFFF
6.784,2015-12-17 09:07:29,有福利吗,a1d9adaf,1,FFFFFF
6.962,2016-01-10 12:22:27,好看！！！！,e1fe5189,1,FFFFFF
10.197,2015-12-11 03:28:08,有人吗,Dc327166,1,FFFFFF
10.702,2015-12-12 08:09:24,2015 12 12,D7e75e46,1,FFFFFF
11.448,2015-12-16 23:05:05,这是啥？一万头奔腾的草泥马？,6a5b5964,1,FFFFFF
12.16,2015-12-11 14:41:52,有,ad2bd78a,1,0CFFFB
13.388,2016-01-04 22:00:29,福利是什么,70f2b071,1,26D393
15.02,2016-01-17 23:50:24,这是哪国的,8f704d33,1,FFFFFF
15.182,2015-12-12 10:47:15,有 2015 12 12,Dbe58228,1,FFFFFF
15.42,2016-01-19 14:46:46,20130120,D884be46,1,FFFFFF
15.974,2015-12-11 12:33:02,我,3576b3fc,1,FFFFFF
16.011,2016-01-13 03:12:53,奔评论来,De430fb0,1,FFFFFF
16.64,2015-12-11 04:17:56,有木有人阿……阿,f9492bfe,1,FFFFFF
16.99,2015-12-18 02:26:02,2015 12 18,D7e781bc,1,FFFFFF
17.358,2015-12-13 09:08:37,你猜,1cb5119b,1,FFFFFF
17.864,2015-12-31 23:14:18,20160101,62bc591e,1,FFFFFF
18.936,2015-12-12 20:53:39,卧槽！！！今天都十三号了！！！！,716e3a56,1,FFFFFF
18.936,2015-12-13 00:45:38,我来了,b205393d,1,FFFFFF
19.46,2015-12-12 10:00:20,有人啊,6d62e863,1,FFFFFF
20.085,2015-12-31 23:15:40,今天看了好多电影,62bc591e,1,FFFFFF
20.828,2015-12-12 23:58:34,2016*2*14,Ddaaf548,1,FFFFFF
21.552,2015-12-11 13:40:01,有,31bbd057,1,FFFFFF
22.39,2016-01-30 10:57:25,好看吗这,D8ca9f1e,1,FFFFFF
22.502,2015-12-12 22:29:48,20151213,ac4fa32c,1,FFFFFF
22.731,2015-12-13 05:40:36,2015   12   13,aa9540f8,1,FFFFFF
23.541,2015-12-13 02:54:01,有,8e23551e,1,FFFFFF
23.552,2015-12-11 07:16:21,你猜,De8136fe,1,FFFFFF
24.4,2015-12-18 07:16:07,20151218的别走,dab56b29,1,FFFFFF
24.858,2015-12-11 06:07:45,有,5f881ae0,1,FFFFFF
25.03,2015-12-15 09:08:16,来了,6a0ef16e,1,FFFFFF
25.039,2015-12-12 08:09:38,画质满意 ,D7e75e46,1,FFFFFF
25.38,2016-01-13 02:45:27,怎么这么多弹幕啊这个片子 很好看吗,ee64a3bf,1,FFFFFF
25.941,2015-12-11 05:10:17,画质感人,D8b26416,1,FFFFFF
26.151,2015-12-13 03:18:50,我也13号,5165f4f9,1,FFFFFF
26.56,2015-12-11 23:57:48,呦呦呦！,227e5e15,1,FFFFFF
27.121,2015-12-29 03:02:42,喵,Def19c41,1,FFFFFF
27.878,2015-12-14 08:55:15,20151214,D408b2ab,1,FFFFFF
28.998,2015-12-13 07:34:19,？？？,a00caa63,1,FFFFFF
29.781,2015-12-16 01:01:40,2015 12 16,b77e330f,1,FFFFFF
30.5,2015-12-27 09:56:41,2015 1227,Dacb3997,1,FFFFFF
30.572,2015-12-12 11:09:06,20151213,45421842,1,FFFFFF
30.739,2016-01-08 21:04:08,2016 1 9,3dca33c9,1,FFFFFF
30.98,2015-12-13 07:25:20,哈哈,Da93ddf4,1,FFFFFF
32.412,2015-12-13 02:53:34,柳高1213班生快!,0b49ae61,1,FFFFFF
32.582,2015-12-28 13:37:25,这伞我在法国到处看见是法国人喜欢的样式吗,5ad62d17,1,FFFFFF
33.792,2015-12-24 02:56:27,20151224,f125e69a,1,FFFFFF
33.9521,2015-12-13 02:49:09,黑屏了。。,D0d7a47a,1,FFFFFF
33.976,2015-12-12 18:34:48,2015 12 12,D838177a,1,FFFFFF
34.236,2016-01-19 14:47:07,20160120,D884be46,1,FFFFFF
34.401,2016-01-16 08:11:15,福利在哪,018f239f,1,FFFFFF
34.709,2015-12-14 20:26:48,画质满分,2a055dea,1,FFFFFF
35.007,2015-12-21 16:16:59,2015 12 21,b2b8de5a,1,FFFFFF
35.056,2015-12-11 07:01:42,友友,Df504af2,1,FFFFFF
37.788,2015-12-29 02:19:22,空降,D1b23427,1,FFFFFF
38.923,2015-12-19 19:42:06,20151220,57ff6c9c,1,FFFFFF
39.313,2015-12-12 10:00:34,谢霆锋的表演可圈可点,6d62e863,1,FFFFFF
39.624,2015-12-11 06:08:02,Hiahiahia ,5f881ae0,1,FFFFFF
39.978,2015-12-11 07:16:49,嗯哼,De8136fe,1,FFFFFF
40.499,2015-12-11 08:10:19,一哈哈哈,f1e48c32,1,FFFFFF
40.541,2015-12-19 08:27:32,喜欢上了一个姑娘,d65dd7f8,1,FFFFFF
42.554,2015-12-13 02:54:32,声控福利,8e23551e,1,FFFFFF
42.924,2015-12-12 03:04:30,哈哈哈，会员大人可以发彩色了,c4415ded,1,0200E9
43.727,2015-12-12 15:24:41,那么晚了还不睡,d82648fe,1,FFFFFF
45.167,2016-01-10 02:14:28,2016 1 10 ,Dc2f7241,1,FFFFFF
47.548,2015-12-12 12:49:59,20151213,Deae132e,1,FFFFFF
48.561,2016-02-02 03:41:30,里面有刘奶奶,17077e3b,1,793165
51.405,2015-12-16 05:24:42,哈哈 ,Dddf8b04,1,FFFFFF
51.891,2015-12-13 07:35:01,现在几点.i？,a00caa63,1,FFFFFF
52.01,2015-12-29 01:30:19,20151229,Dd085b6c,1,FFFFFF
53.3,2016-01-20 08:08:50,一直都不知道怎么换颜色。。再试一下,32ec034f,5,6F2E05
54.404,2015-12-11 05:29:12,看过啦,D2f9c4b5,1,FFFFFF
56.348,2016-01-09 00:05:30,啊哈哈20160109,5d0a22d4,1,FFFFFF
56.461,2016-01-15 10:27:44,剧情怎样？,d4af3feb,1,FFFFFF
58.132,2015-12-12 23:14:13,12:14,841e8324,5,FFFFFF
58.367,2016-01-10 10:03:58,..,D69f06eb,1,FFFFFF
58.581,2015-12-11 09:07:34,好看,be721e7d,1,FFFFFF
59.62,2016-01-10 09:59:38,2016 01 10,5af977aa,1,FFFFFF
62.133,2015-12-11 07:17:15,感觉不错,De8136fe,1,FFFFFF
65.021,2015-12-11 05:29:23,拜拜,D2f9c4b5,1,FFFFFF
65.57,2015-12-11 10:30:31,这么早？,897fab9f,1,FFFFFF
66.149,2015-12-18 00:51:01,2015 1217,10876f1b,1,FFFFFF
66.546,2015-12-14 11:50:06,有点像蒋雯丽,D76990d7,1,FFFFFF
68.892,2015-12-19 05:49:03,20151219,1f4ba8b3,1,FFFFFF
74.794,2015-12-31 21:57:15,201611,38197b3a,1,FFFFFF
75.48,2015-12-12 07:43:20,照片不错,cb813391,1,FFFFFF
75.528,2016-01-04 06:12:46,画质好棒,0217f350,1,FFFFFF
77.205,2015-12-13 08:07:07,差点以为是字幕调皮了，发现真的是。。。,56de8819,1,FFFFFF
79.631,2016-01-12 02:27:42,约泡吗,44d53bbb,1,FFFFFF
81.132,2016-01-01 04:07:38,20160101 ,D8d563d2,1,FFFFFF
85.251,2015-12-30 08:30:14,出场音乐粉粉的诶,2c577e6a,1,CB8BF7
86.143,2015-12-31 21:57:46,2016 1 1,38197b3a,1,FFFFFF
86.568,2015-12-17 21:13:07,10位小伙伴你们好,972a3387,1,F62535
91.2,2015-12-13 07:35:54,几点？,a00caa63,1,FFFFFF
97.367,2015-12-12 23:11:09,20151213 ,740f7dcc,1,FFFFFF
97.389,2015-12-16 05:25:28,18:25,Dddf8b04,1,FFFFFF
97.475,2015-12-11 07:02:23,不错的样子,Df504af2,1,FFFFFF
98.636,2016-01-01 04:07:56,Happy new year,2016,D8d563d2,1,FFFFFF
105.609,2015-12-13 02:52:32,有女生吗？,D0d7a47a,1,FFFFFF
106.349,2015-12-31 23:04:57,1.1,Da44c078,1,FFFFFF
106.549,2015-12-11 07:18:26,+1,De8136fe,1,FFFFFF
110.059,2016-01-15 10:28:19,发哪啦？,d4af3feb,1,FFFFFF
110.496,2015-12-19 03:49:14,+1,6cc93006,1,FFFFFF
111.569,2015-12-26 06:12:28,2015 12  25,39a43362,1,FFFFFF
111.862,2015-12-15 00:35:13,2015 1215,D89d050f,1,FFFFFF
113.265,2016-01-01 04:08:10,20160101 17:08,D8d563d2,1,FFFFFF
113.753,2015-12-16 05:25:50,有男生,Dddf8b04,1,FFFFFF
115.241,2015-12-23 23:43:06,原来我已经看过,2b9cae88,1,FFFFFF
118.335,2015-12-13 11:02:57,好像看过,66992756,1,FFFFFF
119.369,2016-01-01 08:40:13,2016.1.01,Dff95924,1,FFFFFF
120.957,2015-12-31 23:05:12,20160101,Da44c078,1,FFFFFF
121.808,2015-12-11 07:22:25,看下去  这是个好故事,d5305b8f,1,FFFFFF
123.258,2015-12-12 06:54:59,面熟,912a766e,1,FFFFFF
124.546,2015-12-11 20:42:39,小镇怪诞托马斯的男主,647e415f,1,FFFFFF
124.995,2015-12-16 06:11:21,有,96aa6ff3,1,FFFFFF
129.109,2016-01-02 00:41:11,2016。 0102。 13:40,9a2af1ba,1,FFFFFF
129.774,2015-12-15 05:30:42,熟悉的声音,D4601ab6,1,FFFFFF
131.656,2015-12-11 09:44:08,me too,39fbb9fe,1,FFFFFF
132.163,2015-12-24 09:12:24,12月24日,De432e7d,1,FFFFFF
138.472,2015-12-11 09:50:53,houd,47fde4f4,1,FFFFFF
140.307,2015-12-11 09:51:27,有点想我，不习惯跟别人交流,47fde4f4,1,FFFFFF
140.336,2015-12-11 11:59:39,oh it`s the zombia ex girlfriend killer..,78bd1fa1,1,FFFFFF
147.941,2016-02-02 03:43:29,长的不够帅,17077e3b,1,1300D3
148.565,2015-12-13 04:17:39,感觉对了,Daf78ec9,1,FFFFFF
149.184,2015-12-13 11:03:39,最理直气壮的出轨,66992756,1,FFFFFF
153.153,2015-12-19 07:55:15,配音很好啊！,D972aedd,1,FFFFFF
154.582,2015-12-12 06:57:33,有感觉,912a766e,1,FFFFFF
159.064,2015-12-12 06:34:54,鸡冻了,7a2d3726,1,FFFFFF
159.232,2016-01-14 04:50:39,光明正大？,85060c19,5,7C00D0
160.789,2015-12-12 00:00:22,你们相信一见钟情么？,227e5e15,1,FFFFFF
163.863,2015-12-12 06:57:42,一见钟情,912a766e,1,FFFFFF
165.098,2016-01-18 06:47:08,配乐好棒,8373f032,1,FFFFFF
166.324,2016-01-16 08:41:46,只有9个看,fa8c62a6,1,F50031
166.541,2015-12-13 09:14:59,看过了,061401a6,1,FFFFFF
167.307,2015-12-13 02:56:49,哈哈，心动了,8e23551e,1,FFFFFF
167.334,2015-12-15 00:36:24,抽根烟压压惊,D89d050f,1,FFFFFF
169.714,2015-12-13 08:57:58,口音好好听,D7aaf098,1,FFFFFF
170.5,2016-01-15 10:29:23,貌似好看,d4af3feb,1,FFFFFF
170.557,2016-01-13 08:01:33,女主侧面超美,D90e9b64,1,FFFFFF
179.712,2015-12-24 01:10:32,学外语的重要性。。。,449e81cc,1,FFFFFF
184.12,2015-12-16 05:26:55,看过了,Dddf8b04,1,FFFFFF
185.819,2015-12-21 08:55:04,第二遍,07426938,1,FFFFFF
198.195,2015-12-12 09:57:57,爱疯了男主,bfd75c58,1,FFFFFF
203.253,2015-12-16 05:27:14,红杏出墙,Dddf8b04,1,FFFFFF
209.87,2015-12-12 06:58:28,太高了。。。。,912a766e,1,FFFFFF
213.205,2015-12-11 14:45:24,外国人太会搭讪了,ad2bd78a,1,FFFFFF
220.11,2015-12-13 20:42:22,外会玩。。。。。。,265e31c4,1,FFFFFF
228.137,2015-12-16 05:27:39,女的是个模特,Dddf8b04,1,FFFFFF
237.058,2015-12-27 09:11:36,233,8a73680c,1,FFFFFF
237.075,2015-12-14 11:42:44,身高差,ab6b0126,1,FFFFFF
238.076,2015-12-13 04:51:15,搭讪技巧学学,c9bbea77,1,FFFFFF
239.656,2015-12-13 04:19:35,幼稚的可爱,Daf78ec9,1,FFFFFF
246.54,2015-12-14 04:03:26,好romantic,17c5f990,1,FFFFFF
263.575,2015-12-14 11:43:10,真直接,ab6b0126,1,FFFFFF
263.956,2015-12-18 05:34:49,⊙﹏⊙,D150474e,1,FFFFFF
270.378,2016-01-12 00:32:36,第n次看这种满满姐弟恋气息的电影了，外国真的很流行啊,81267375,1,FFFFFF
270.852,2015-12-14 02:38:30,色调好喜欢呐～(￣▽￣～)(～￣▽￣)～,6215974d,1,FFFFFF
271.348,2015-12-12 08:13:44,so fast ,D7e75e46,1,FFFFFF
272.637,2015-12-16 05:28:24,直接约,Dddf8b04,1,FFFFFF
273.745,2016-01-18 06:40:11,气质真棒,ded74463,1,FFFFFF
275.754,2015-12-12 07:57:38,姐弟恋的感觉…,f6c35fc1,1,FFFFFF
278.388,2016-01-21 11:55:10,女主好美,D82c9903,1,FFFFFF
279.389,2015-12-13 20:43:27,我次奥这样也行。。。为毛我就就没遇到过。。。,265e31c4,1,FFFFFF
287.621,2015-12-16 12:41:45,因为你不够帅～,3d5a773f,1,1300D3
289.173,2015-12-12 03:35:28,志明与春娇,c3938dd1,1,FFFFFF
289.416,2016-01-12 04:02:51,中国妹纸你去搭讪 人家一般都不理你,44d53bbb,1,FFFFFF
291.653,2015-12-16 05:28:43,少妇,Dddf8b04,1,FFFFFF
292.516,2015-12-29 00:11:51,灰色的内裤？,1b798a3d,1,FFFFFF
293.158,2015-12-13 02:59:33,外国版,D0d7a47a,1,FFFFFF
309.364,2015-12-15 05:37:23,卧槽这就好上了？,8eb5920f,1,FFFFFF
315.776,2015-12-15 08:42:39,礼貌,72f0eb9b,1,FFFFFF
322.322,2015-12-30 08:41:03,开干,3d17650a,1,FFFFFF
325.235,2016-01-19 14:51:57,贴面礼,D884be46,1,FFFFFF
328.788,2016-01-09 21:01:55,这只是接面礼,8ad135d5,1,FFFFFF
329.885,2015-12-16 05:29:21,想去这个国家,Dddf8b04,1,FFFFFF
332.265,2015-12-30 08:35:01,其实国内也可以 ，只是男生太胆儿缩，女生太假装矜持。。 ,2c577e6a,1,CB8BF7
337.17,2015-12-26 23:43:13,你去了能说出这样的话？,7ceb3d69,1,FFFFFF
342.941,2015-12-28 13:38:29,表示在法国呆了这些日子已经习惯男女关系的发展速度了,5ad62d17,1,FFFFFF
348.903,2015-12-16 05:29:40,牙好白,Dddf8b04,1,FFFFFF
349.699,2016-01-12 04:03:51,下次也要去搭讪,44d53bbb,1,FFFFFF
351.166,2015-12-14 07:58:50,万宝路！！！,Dcc3b142,1,FFFFFF
356.963,2015-12-14 05:16:56,志明与春娇？,D59eaa8a,1,FFFFFF
357.266,2016-01-30 11:00:12,要不要太快,D8ca9f1e,1,FFFFFF
363.156,2015-12-20 00:37:37,戒烟的我。。。。看得好难受啊 ,bc0830ad,1,FFFFFF
384.233,2015-12-12 07:49:07,比我还小一岁,cb813391,1,FFFFFF
391.552,2015-12-11 11:49:51,高清啊,6aac2bd1,1,FFFFFF
403.58,2015-12-24 01:07:42,牙好白,449e81cc,1,FFFFFF
408.038,2015-12-11 11:50:08,为什么会带个框框呢,6aac2bd1,1,FFFFFF
408.113,2015-12-27 02:57:04,si,5af977aa,1,FFFFFF
409.207,2015-12-16 05:19:21,不能找个地方坐吗？,0fabe90d,1,FFFFFF
410.994,2015-12-22 07:55:37,坐下聊太俗,7ceb3d69,1,FFFFFF
421.386,2015-12-16 05:30:52,大长腿,Dddf8b04,1,FFFFFF
422.464,2015-12-19 20:58:44,抽烟有固定的地方不是随便抽的，,1424ba39,1,FFFFFF
424.177,2015-12-12 07:49:53,好美,cb813391,1,FFFFFF
433.175,2015-12-14 11:46:00,25岁就不做模特了啊,ab6b0126,1,FFFFFF
445.787,2015-12-11 11:50:45,哈哈哈哈哈哈,6aac2bd1,1,FFFFFF
446.89,2015-12-13 20:46:37,我媳妇也比我大，大六岁。。。。。。,265e31c4,1,FFFFFF
458.41,2015-12-11 14:49:55,约炮竟如此简单,ad2bd78a,1,FFFFFF
462.107,2015-12-16 05:31:33,模特结婚了,Dddf8b04,1,FFFFFF
462.385,2015-12-11 11:51:02,嘿嘿街机嘿嘿哦几几 ,6aac2bd1,1,FFFFFF
468.093,2015-12-13 03:06:56,约炮的够了,aa829f4b,1,FFFFFF
470.72,2015-12-12 20:59:28,33？和我一样大,D01ba94d,1,FFFFFF
471.054,2015-12-12 01:31:42,如此简单？,Dd15a4b9,1,FFFFFF
471.131,2015-12-12 19:09:04,没准真是妓女,Daf8a29f,1,FFFFFF
476.989,2015-12-16 05:31:48,太寂寞了,Dddf8b04,1,FFFFFF
477.501,2015-12-12 07:04:33,是女主吗。。。？？,912a766e,1,FFFFFF
481.621,2015-12-12 01:01:24,qqq,9b8ac6fb,1,FFFFFF
494.369,2015-12-26 03:08:36,最喜欢的一段太爱女主了,6ba340cc,1,FFFFFF
499.279,2015-12-19 04:07:09,看过啦～,b6484c0a,1,FFFFFF
499.515,2015-12-13 03:04:01,莫名的喜感,D0d7a47a,1,FFFFFF
501.93,2015-12-15 23:37:16,男主角好励志!,Dac532f1,1,FFFFFF
506.923,2015-12-26 03:09:24,男主大写的蒙逼啊hhhhh,6ba340cc,1,FFFFFF
509.091,2015-12-15 05:40:55,女主好像不是很好看啊。。。,8eb5920f,1,FFFFFF
509.116,2015-12-12 07:05:05,女主略老,912a766e,1,FFFFFF
528.324,2015-12-13 23:55:32,女主居然单眼皮,4735d355,1,FFFFFF
534.998,2015-12-12 07:05:31,ha,912a766e,1,FFFFFF
538.413,2015-12-26 03:10:30,soda jetk哈哈哈哈哈哈,6ba340cc,1,FFFFFF
538.72,2016-01-19 10:24:48,双眼皮好么,D8a53b6a,1,FFFFFF
545.038,2015-12-21 02:52:41,真有聊,64cf81f5,1,FFFFFF
547.63,2015-12-16 12:46:17,简直逗死了,3d5a773f,1,1300D3
556.806,2015-12-26 03:10:56,dead的口音好嘲讽,6ba340cc,1,FFFFFF
562.033,2015-12-28 13:42:45,那个dead是法语口音吧hhhhhh,5ad62d17,1,FFFFFF
570.453,2015-12-11 12:42:33,哈哈哈哈哈哈笑出声,159bd3ce,1,FFFFFF
577.983,2015-12-12 02:49:09,这女的有点牛,D1f08377,1,FFFFFF
593.775,2015-12-11 16:28:07,一吻显生机,D0358d90,1,FFFFFF
594.302,2015-12-14 06:33:10,毫无悬念,ac4fa32c,1,FFFFFF
595.434,2015-12-13 04:23:16,我就知道哈哈哈哈,9db32ce0,1,E5AC0E
595.949,2015-12-15 08:11:58,男主好嫩,36cc7879,1,FFFFFF
597.878,2015-12-11 20:49:03,把妹高手,647e415f,1,FFFFFF
598.613,2016-01-14 04:57:49,我也知道哈哈哈,85060c19,5,7C00D0
603.379,2015-12-21 02:53:39,国内这么约跑能成吗,64cf81f5,1,FFFFFF
603.69,2015-12-11 14:52:39,为什么这部电影让我想起了言叶之庭,ad2bd78a,1,FFFFFF
604.157,2015-12-11 20:49:15,姐弟恋吗,647e415f,1,FFFFFF
605.939,2015-12-12 01:34:04,把弟高手,Dd15a4b9,1,FFFFFF
608.265,2015-12-24 05:03:59,我靠,e75abb17,1,FFFFFF
611.402,2015-12-26 03:11:55,哈哈哈哈哈,6ba340cc,1,FFFFFF
626.457,2015-12-14 00:05:38,哈哈哈,Df1267df,1,FFFFFF
629.882,2015-12-11 18:34:13,第一次发弹幕要发几个字啊 好紧脏,261178ed,1,FFFFFF
633.41,2015-12-13 20:51:13,我次奥！！！！！理直气壮出轨,265e31c4,1,FFFFFF
645.139,2016-01-10 07:20:55,好酷！,be38ffb8,1,FFFFFF
646.354,2016-01-05 03:14:21,哈哈,D5477b53,1,FFFFFF
651.821,2016-01-10 07:21:55,So American,be38ffb8,1,FFFFFF
655.281,2015-12-18 09:04:42,这。。,D5fb4f0e,1,FFFFFF
658.133,2015-12-31 23:15:21,这腿,Da44c078,1,FFFFFF
658.86,2015-12-24 06:40:06,这腿差评,D86d30a5,1,FFFFFF
659.909,2015-12-16 12:48:14,裙子很好看啊～～,3d5a773f,1,1300D3
661.408,2015-12-12 12:22:13,腿好粗,6d62e863,1,FFFFFF
664.164,2015-12-14 06:34:36,身材真不怎么样呢,ac4fa32c,1,FFFFFF
669.696,2016-01-06 22:40:26,这身材是模特,16e677a2,1,FFFFFF
676.758,2015-12-30 08:42:34,这才是正常人的腿好么。。 ,2c577e6a,1,CB8BF7
687.256,2016-01-19 14:58:00,腿有点弯,D884be46,1,FFFFFF
687.804,2015-12-11 07:56:02,胸很大,dcf68c9e,1,FFFFFF
693.61,2015-12-12 01:35:46,腿也够粗,Dd15a4b9,1,FFFFFF
698.173,2015-12-12 09:50:24,罗圈腿,3c396dc6,1,FFFFFF
703.681,2015-12-14 06:01:46,这不是邦女郎嘛,864909a4,1,FFFFFF
703.769,2015-12-27 09:25:09,还有点内八字,8a73680c,1,FFFFFF
709.167,2015-12-15 03:23:34,粗短腿,d8505899,1,FFFFFF
714.265,2015-12-13 12:50:51,是短,a1dd36a2,1,FFFFFF
714.337,2015-12-28 13:45:52,一直在嘲讽外表想说什么我不太懂hhhhh,5ad62d17,1,FFFFFF
718.152,2015-12-12 07:34:55,喜欢这个长镜头,47e40367,1,FFFFFF
725.212,2015-12-13 12:51:02,我也是,a1dd36a2,1,FFFFFF
726.133,2015-12-15 07:33:21,喜欢这个对话,04781b7d,1,FFFFFF
730.581,2015-12-11 19:41:01,女主不穿高跟鞋腿真粗,898a8564,1,FFFFFF
741.26,2015-12-14 05:34:51,这比例确实。。。,17c5f990,1,FFFFFF
747.413,2015-12-13 02:16:15,粗短腿受不了啊。法式优雅瞬间破功啊,0af5ca90,1,FFFFFF
749.685,2016-01-11 03:48:53,粗壮,De6a301a,1,FFFFFF
757.632,2015-12-26 03:15:59,按女主的说法，法式优雅根本不需要标志，没有大长腿她还是非常优雅,6ba340cc,1,FFFFFF
771.062,2015-12-17 11:31:55,4.3,7dd4ed47,1,FFFFFF
788.01,2015-12-15 03:47:35,腿粗,Db4b82ad,1,FFFFFF
804.105,2015-12-20 00:06:15,这台词背了多久，都没切换过镜头。。。,0fb532c2,1,FFFFFF
806.989,2016-01-15 21:09:50,我觉得穿短裙都会显得腿很短，除非是很短的裙。,5d2363a7,1,26D393
810.2,2015-12-17 02:54:00,难怪都想移民。。。,df85f557,1,FFFFFF
816.941,2015-12-29 02:20:13,空降福利,D1b23427,1,FFFFFF
824.483,2015-12-12 02:19:49,可以的。这种生活方式。,05d06785,1,FFFFFF
832.087,2015-12-16 14:33:55,open marrige...,8e67182b,1,FFFFFF
840.268,2015-12-14 07:24:09,男主受不了了,Da447cdd,1,FFFFFF
840.537,2016-01-10 07:25:36,ku,be38ffb8,1,FFFFFF
840.685,2015-12-12 17:57:55,胸好大像摸,6fb8ebd3,1,FFFFFF
841.815,2015-12-11 06:10:16, 额，法国人真的这样？,cf76a60e,1,FFFFFF
849.607,2015-12-28 13:51:17,不能以偏概全吧有人这么想也有人不这么想呀,5ad62d17,1,FFFFFF
862.805,2015-12-11 22:53:33,怪不得法国人不知道自己的爸爸是谁,303a526f,1,0CFFFB
874.736,2015-12-13 01:35:50,我也认识个法国人不知道自己爸爸是谁,6dc7d6c4,1,FFFFFF
874.913,2015-12-15 07:35:50,为什么不给我们看,04781b7d,1,FFFFFF
881.024,2015-12-13 07:17:06,真的假的，不过我不好意思问,4f7139ea,1,FFFFFF
882.666,2016-01-15 06:37:14,男主三观刷新中,91504d70,1,FFFFFF
890.264,2016-01-16 08:52:19,突然爱上了法国,fa8c62a6,1,666B37
894.698,2015-12-12 01:41:03,法国人一定不能忍，这明显很片面，是美国人眼里的法国人,847b81a1,1,FFFFFF
901.802,2015-12-11 05:56:59,三观尽毁,De361416,1,FFFFFF
903.588,2015-12-12 07:51:50,法国人不这样。。。这是美国人眼中的“法国人”,ec29cb85,1,FFFFFF
905.405,2016-01-10 00:09:19,世界观毁了,b1dd4b52,1,FFFFFF
905.979,2016-01-04 10:43:39,男主是不是演了纽约我爱你,449e81cc,1,FFFFFF
908.245,2015-12-16 10:16:07,法国人不这样啊，我法语老师的丈夫深情得不得了,628f7aa8,1,FFFFFF
912.042,2015-12-11 14:57:54,看不下去了,ad2bd78a,1,FFFFFF
916.605,2016-01-24 03:11:48,美国人眼里法国人基本上等同放荡风流啊。。。,397fadc8,1,FFFFFF
923.753,2015-12-30 08:46:47,法国开放式婚姻还是少，不爱了大抵就离婚了。,2c577e6a,1,CB8BF7
927.952,2016-01-11 03:52:18,大方脸,De6a301a,1,FFFFFF
932.254,2015-12-30 08:46:52,不然就不结婚,2c577e6a,1,CB8BF7
939.253,2015-12-30 08:46:59,想荷兰豆,2c577e6a,1,CB8BF7
948.882,2016-01-10 10:53:56,三种表达方式...,e1fe5189,1,FFFFFF
957.504,2015-12-16 21:26:12,哈哈哈,5e652417,1,FFFFFF
965.237,2016-01-04 10:44:38,然而。。。,449e81cc,1,FFFFFF
972.842,2016-01-14 05:04:26,手差评，侧脸好评,85060c19,5,7C00D0
975.869,2016-01-10 07:29:10,法国人真直爽，喜欢！,be38ffb8,1,FFFFFF
984.998,2015-12-11 16:39:24,一见钟情 殴也,Deb6a01e,1,FFFFFF
992.725,2015-12-12 22:21:52,法国人的嘴炮功力太牛,1e07911f,1,FFFFFF
995.598,2015-12-14 11:58:56,干的漂亮,D76990d7,1,FFFFFF
997.525,2016-01-07 10:00:20,实力撩弟,D10677ae,1,FFFFFF
1000.9,2016-01-12 04:14:42,就喜欢这样的浪 找我 找我啊,44d53bbb,1,FFFFFF
1002.07,2015-12-14 00:08:14,为啥不离婚啊 这三观。。。。,4735d355,1,FFFFFF
1015.73,2015-12-12 20:56:22,没味啊,df16caa7,1,FFFFFF
1029.04,2016-01-09 21:15:52,声音好听,8ad135d5,1,FFFFFF
1049.68,2015-12-15 06:38:29,原来男主是契科夫弟弟！！！,1ed59060,1,FFFFFF
1064.69,2016-01-02 23:59:01,美炸,d22ef0e6,1,FFFFFF
1069.27,2016-01-27 20:24:47,实力撩弟！,89935cb6,1,FFFFFF
1071.58,2015-12-21 05:16:31,好美的法国女人,3a2bf569,1,FFFFFF
1072.96,2015-12-13 08:41:35,男主好帅,4efc742b,1,E5AC0E
1075.37,2015-12-14 20:53:14,女主好有味道！,37f285e1,1,FFFFFF
1075.39,2016-01-01 01:27:25,呜嗷,Df676c7a,1,FFFFFF
1077.46,2015-12-13 09:13:13,sounds sexy,e84e5c08,1,FFFFFF
1079.93,2015-12-28 13:57:59,这个点烟镜头真是苏到我炸,5ad62d17,1,FFFFFF
1079.95,2016-01-04 10:46:33,女主还是很有味道的,449e81cc,1,FFFFFF
1086.88,2015-12-12 01:10:14,妈的，好浪漫,1358daac,1,FFFFFF
1091.66,2015-12-12 08:01:08,so romantic,cb813391,1,FFFFFF
1093.9,2016-01-15 19:16:28,这么质量,8a1f2263,1,FFFFFF
1098.72,2015-12-12 21:11:20,啪起来！,D01ba94d,1,FFFFFF
1101.17,2015-12-28 13:59:15,je t'attends la,5ad62d17,1,FFFFFF
1103.33,2016-01-12 04:16:25,剧情有些不得了啊,44d53bbb,1,FFFFFF
1104.1,2015-12-26 03:22:41,啪起来哈哈哈哈!,6ba340cc,1,FFFFFF
1104.36,2015-12-12 07:50:53,天哪，直接开房。,47e40367,1,FFFFFF
1106.97,2015-12-13 03:12:52,约吗？！约！,8e23551e,1,FFFFFF
1107.01,2015-12-13 08:42:31,能不能别那么猥琐，这么美好的电影,4efc742b,1,E5AC0E
1113.32,2015-12-13 21:17:15,我次奥这节奏- -,265e31c4,1,FFFFFF
1113.46,2015-12-12 02:58:25,要高潮了吗,D1f08377,1,FFFFFF
1113.74,2015-12-12 12:29:49,还开心,6d62e863,1,FFFFFF
1116.8,2016-01-10 07:32:02,BGM is very good!,be38ffb8,1,FFFFFF
1117.41,2015-12-12 17:40:37,在中国是不是就遇会被敲诈勒索了,dd2f1c53,1,FFFFFF
1117.91,2015-12-13 03:13:14,不会这样就有激情戏吧,8e23551e,1,FFFFFF
1118.01,2015-12-12 12:29:55,耶耶,6d62e863,1,FFFFFF
1118.6,2015-12-18 10:23:54,YP如此简单,Da9feb2d,1,FFFFFF
1120.61,2015-12-18 10:23:08,wokao,Da9feb2d,1,FFFFFF
1122.2,2015-12-13 03:13:24,好激动,8e23551e,1,FFFFFF
1126.78,2015-12-12 22:03:47,在中国是开房打麻将吧,f9ddaff1,5,7C00D0
1129.61,2015-12-16 11:13:42,《仙人跳》--,D8b83210,1,FFFFFF
1131.65,2015-12-12 20:26:13,这个bmg太励志了！,c61562c1,1,FFFFFF
1131.75,2015-12-12 02:58:43,好期待！！！,D1f08377,1,FFFFFF
1133.82,2016-01-10 10:57:01,哈哈哈,e1fe5189,1,FFFFFF
1135.34,2015-12-13 04:34:47,哈哈,Daf78ec9,1,FFFFFF
1136.75,2015-12-13 03:21:04,正能量啊,D0d7a47a,1,FFFFFF
1138.9,2015-12-12 20:21:57,我觉得不是我想的那样,7af19416,1,FFFFFF
1140.01,2015-12-13 04:34:55,哈哈,Daf78ec9,1,FFFFFF
1142.03,2015-12-27 06:10:52,回家的诱惑,D2f07b03,1,FFFFFF
1143.28,2015-12-13 03:15:58,之前女主抽完烟也是进这里啊，之前就在约别人吗,6dfd0a1d,1,FFFFFF
1144.14,2015-12-21 05:17:44,open marriage,3a2bf569,1,FFFFFF
1144.62,2016-01-13 03:06:21,寂寞少妇养小白脸的感觉,ee64a3bf,1,FFFFFF
1144.73,2016-01-10 07:32:48,正能量啊哈哈哈哈哈,be38ffb8,1,FFFFFF
1144.75,2015-12-13 03:50:19,没有一个人觉得剧情发展地很牵强么？很难理解么？,0b21a199,5,1300D3
1146.79,2015-12-13 00:57:23,你想的是哪样？,ac0abf00,5,1300D3
1149.21,2015-12-12 12:30:27,想要这样的炮友,6d62e863,1,FFFFFF
1149.88,2015-12-11 10:13:57,房都开好了,39fbb9fe,1,FFFFFF
1150.81,2015-12-13 03:50:32,啦啦啦,0b21a199,5,1300D3
1151.03,2015-12-13 04:35:13,纯爱,Daf78ec9,1,FFFFFF
1151.16,2016-01-10 07:32:56,❤,be38ffb8,1,FFFFFF
1154.3,2016-01-27 20:26:21,女主就住在这儿,89935cb6,1,FFFFFF
1158.61,2016-01-05 14:52:01,小黄文儿的节奏,5f603812,1,FFFFFF
1158.71,2016-01-10 07:33:30,我也觉得在中国就是被敲诈勒索了,be38ffb8,1,FFFFFF
1160.43,2015-12-23 03:32:44,男主叫啥,Dbe51da6,1,FFFFFF
1161.45,2015-12-11 18:45:06,完美,D4510636,1,FFFFFF
1163.89,2015-12-14 12:11:29,房钱都省了多好,a886cf85,1,FFFFFF
1164.41,2015-12-12 17:42:05,我是想说在国内百分之百就是敲诈勒索,dd2f1c53,1,FFFFFF
1166.73,2015-12-13 03:14:33,我的三观,8e23551e,1,FFFFFF
1167.39,2015-12-11 10:14:14,BGM 很对味 哈哈哈哈哈,39fbb9fe,1,FFFFFF
1169.52,2015-12-16 07:02:31,bgm是什么,0dafe7b1,1,FFFFFF
1170.59,2015-12-12 21:33:26,shakalakaboomboom~,716e3a56,1,FFFFFF
1171.43,2015-12-12 03:05:11,性福快到,111afd7c,1,FFFFFF
1172.75,2015-12-12 12:30:50,小伙很帅,6d62e863,1,FFFFFF
1177.39,2015-12-12 21:01:22,说敲诈的，你能确定国内就有这么有趣的一对男女吗,4f20ed7d,1,FFFFFF
1179.04,2015-12-12 02:25:44,咚咚,05d06785,1,FFFFFF
1190.72,2016-01-04 10:49:52,美炸,449e81cc,1,FFFFFF
1191.31,2015-12-13 03:15:03,美！,8e23551e,1,FFFFFF
1192.82,2015-12-12 01:13:23,wow,1358daac,1,FFFFFF
1195.6,2015-12-12 19:06:21,你应该说fin thank you and you,96bcfa8a,1,FFFFFF
1199.68,2015-12-12 03:05:39,共创枷锁的画。。。66666,111afd7c,1,FFFFFF
1202.33,2016-01-10 00:14:18,优雅,b1dd4b52,1,FFFFFF
1204.74,2015-12-18 22:03:59,女主胸大,Dfad507b,1,FFFFFF
1210.29,2015-12-28 14:01:19,就因为法国女人胸大我到法国三个月了没买到合适的衣服,5ad62d17,1,FFFFFF
1215.23,2015-12-12 17:46:26,当性福来敲门,7bd15fea,1,FFFFFF
1225.68,2016-01-12 04:18:27,滚 滚 滚啊 还喝什么酒  摄影师角度请调好,44d53bbb,1,FFFFFF
1232.39,2015-12-28 14:01:52,同意这句 法国人的文化十分乐观,5ad62d17,1,FFFFFF
1237.37,2016-01-09 23:27:14,酒店的风格真不错,1fa36729,1,FFFFFF
1239.8,2015-12-12 02:26:45,我也想了解了解法国文化。。。,05d06785,1,FFFFFF
1259.09,2015-12-12 21:35:12,想快进的把手举起来！,716e3a56,1,FFFFFF
1262.17,2015-12-13 03:24:35,✋✋✋✋✋,D0d7a47a,1,FFFFFF
1262.25,2015-12-12 12:32:19,我想深入了解,6d62e863,1,FFFFFF
1268.09,2015-12-16 03:38:16,跟文化有毛关系 饥渴而已,1a6c0ab6,1,FFFFFF
1268.22,2016-01-19 15:07:41,好燃啊,D884be46,1,FFFFFF
1271.23,2015-12-13 03:24:50,✋✋,D0d7a47a,1,FFFFFF
1275.63,2015-12-18 22:05:18,,Dfad507b,1,FFFFFF
1276.65,2015-12-14 06:45:07,,ac4fa32c,1,FFFFFF
1279.59,2015-12-20 09:01:56,女人的脸孔非常东方化，法国美女都如此,00e16654,1,FFFFFF
1284.72,2015-12-18 21:01:47,✋✋,Dc1591b1,1,FFFFFF
1289.82,2015-12-12 21:15:12,废话真多,D6a18c1d,1,FFFFFF
1298.39,2015-12-11 07:06:21,两个人的对话简直太搞笑了,66d16df7,1,FFFFFF
1299.28,2015-12-13 21:46:10,你们够了，别人本来约的就是文艺炮。。。。,265e31c4,1,FFFFFF
1299.46,2015-12-13 07:56:27,几点？,a00caa63,1,FFFFFF
1299.56,2015-12-27 08:53:19,看这电影我很紧张,89ceb3e4,1,FFFFFF
1300.1,2016-01-12 00:52:56,很少特写啊，全是远远的拍小人，还我大头,81267375,1,FFFFFF
1308.76,2015-12-13 03:25:33,好激动,D0d7a47a,1,FFFFFF
1309.49,2016-01-04 10:52:03,男主太嫩了。。。好不搭,449e81cc,1,FFFFFF
1317.71,2015-12-13 07:21:07,bgm好评,D51b772a,1,FFFFFF
1320.88,2016-01-13 05:14:12,这女的身材6:4型的，看着腿短啊,cc27156b,1,FFFFFF
1321.98,2015-12-17 08:45:35,bgm香颂好听！,81d24b26,1,FFFFFF
1323.99,2015-12-18 05:50:32,怎么没人。。,D7e781bc,1,FFFFFF
1325.09,2015-12-12 03:07:45,。。准备画逼枷锁的画了。。。。,111afd7c,1,FFFFFF
1327.17,2015-12-16 05:28:06,好美的bgm,8021a1bf,1,FFFFFF
1327.99,2015-12-16 06:00:36,文艺炮是什么鬼,302c303b,1,FFFFFF
1330.11,2015-12-14 13:13:49,男主的身高。。。？,0e51c2ed,1,FFFFFF
1338.11,2016-01-04 10:52:58,演男主这个小伙子有多爽。。。,449e81cc,1,FFFFFF
1338.81,2015-12-12 23:20:40,女好高。为什么是远景。差评,841e8324,5,FFFFFF
1348.8,2015-12-19 21:14:34,这是文艺炮请注意,1424ba39,1,FFFFFF
1351.02,2015-12-13 02:39:50,不脱衣服，差评！,f38e3597,5,45AE0C
1351.85,2015-12-11 23:02:13,简直三观尽毁，他老公知道吗,303a526f,1,0CFFFB
1358.0,2016-01-12 04:21:02,她要关镜头了 大家小心,44d53bbb,1,FFFFFF
1358.14,2016-01-13 03:09:49,男的跟她儿子似的,ee64a3bf,1,FFFFFF
1358.56,2015-12-14 00:51:41,知道啊,7aa2373c,1,FFFFFF
1358.89,2015-12-14 20:58:11,她老公也有情人的啊 ,37f285e1,1,FFFFFF
1363.32,2015-12-11 08:45:59,居然剪了,Dcf486a4,1,FFFFFF
1364.92,2016-01-04 10:53:24,她老公不care,449e81cc,1,FFFFFF
1369.05,2015-12-14 08:11:21,bgm好好听,5707f90c,1,FFFFFF
1370.65,2015-12-27 10:04:37,这有什么毁三观的,ca584107,1,FFFFFF
1371.22,2015-12-12 21:16:40,法克,D6a18c1d,1,FFFFFF
1371.71,2015-12-22 06:55:39,elegent,a54105e8,1,FFFFFF
1372.5,2015-12-12 19:13:19,请安心做吧,96bcfa8a,1,FFFFFF
1375.21,2016-01-05 14:56:13,所以女主在酒店外抽烟就是站街吗,5f603812,1,FFFFFF
1376.4,2015-12-30 08:54:16,卧槽，居然没有床戏。。。 ,2c577e6a,1,CB8BF7
1377.28,2016-01-09 23:29:18,生活就应该这样,1fa36729,1,FFFFFF
1380.03,2016-01-04 10:53:43,没船戏差评,449e81cc,1,FFFFFF
1382.9,2015-12-30 08:54:23,我不想看了。。 ,2c577e6a,1,CB8BF7
1393.06,2015-12-22 05:43:20,马丹  竟然剪了 我去下完整版了,38699a6f,1,FFFFFF
1400.69,2015-12-12 20:31:47,处理掉了,Da1ee1de,1,FFFFFF
1410.52,2015-12-13 09:26:37,这是删减版吗、,997a5a5f,1,FFFFFF
1427.78,2016-01-07 10:01:48,剪了哭哭哦,8be5d6d8,1,FFFFFF
1440.74,2015-12-14 08:29:35,简直像看话剧,D98fc21e,1,FFFFFF
1441.56,2015-12-12 17:50:18,经典论述,7bd15fea,1,FFFFFF
1443.73,2015-12-12 23:21:38,Fuck,841e8324,5,FFFFFF
1449.28,2015-12-11 10:52:33,偷情最爽,D8b78c9a,1,FFFFFF
1481.45,2016-01-05 14:58:12,求完整版,5f603812,1,FFFFFF
1506.44,2015-12-13 07:28:27,嘴巴一直长着是什么意思,b2c3dbcb,1,FFFFFF
1507.42,2015-12-13 08:51:30,小伙沉迷了,c837bcf9,1,FFFFFF
1520.07,2015-12-13 07:28:41,嘴巴,b2c3dbcb,1,FFFFFF
1534.03,2015-12-12 21:18:57,每周一约,D01ba94d,1,FFFFFF
1537.13,2015-12-13 02:55:36,豪华炮房那个租金好贵啊,2654e73f,1,FFFFFF
1537.19,2015-12-14 21:01:30,好美,37f285e1,1,FFFFFF
1539.63,2016-01-13 03:13:32,有点像朗读者的桥段啊,ee64a3bf,1,FFFFFF
1543.96,2015-12-13 13:36:45,牙齿好白！,D5af68e8,1,FFFFFF
1551.42,2015-12-12 07:58:34,小哥的魂都被勾走了。233333好萌,47e40367,1,FFFFFF
1561.63,2015-12-13 01:24:26,必须为字幕组来一发，好评如潮,d382144a,1,FFFFFF
1561.79,2016-01-05 14:59:49,求完整版+1,5f603812,1,FFFFFF
1563.12,2015-12-12 06:47:58,屏保哈哈哈,D5cafaf1,1,FFFFFF
1570.22,2016-01-10 07:36:26,求完整版,be38ffb8,1,FFFFFF
1594.75,2016-01-04 10:57:04,细腰好评,449e81cc,1,FFFFFF
1597.76,2015-12-14 05:57:36,，无法直视小腿。。。,17c5f990,1,FFFFFF
1604.64,2015-12-18 01:49:09,不能说胖和腿短，梨型身材= =,20e1ade3,1,FFFFFF
1608.62,2016-01-18 07:10:56,我觉得腿这样看正常，我自己也下半身肥，但是有肉感摸起来手感好,ded74463,1,FFFFFF
1617.92,2016-01-04 10:57:39,腰多细啊,449e81cc,1,FFFFFF
1620.24,2015-12-12 17:53:13,女主的衣服都不错,7bd15fea,1,FFFFFF
1632.0,2015-12-18 10:32:27,身材妖娆,Da9feb2d,1,FFFFFF
1634.99,2015-12-27 10:10:11,这不是那一部戏梦巴黎吗...咋变黑白片了,ca584107,1,FFFFFF
1638.39,2016-01-10 02:38:20,祖与占,D80626b9,1,FFFFFF
1642.57,2016-01-21 09:43:18,祖与占 本来就是黑白的,7ecc696e,1,FFFFFF
1644.96,2016-01-12 05:26:31,祖与占,f952aa39,1,FFFFFF
1667.93,2016-01-06 22:58:39,看这女的走路就会跳戏,16e677a2,1,FFFFFF
1693.4,2016-01-01 01:38:07,哈哈哈,Df676c7a,1,FFFFFF
1701.15,2015-12-12 02:15:12,歌曲好优美,71408ac3,1,FFFFFF
1705.9,2015-12-14 00:58:38,很好很好,7aa2373c,1,FFFFFF
1711.62,2016-01-11 04:07:30,配乐好评,De6a301a,1,FFFFFF
1713.5,2016-01-10 00:23:21,我在吃东西QAQ,b1dd4b52,1,FFFFFF
1718.61,2015-12-28 14:20:05,妹子盆骨前倾啊,5ad62d17,1,FFFFFF
1725.06,2015-12-16 05:44:13,佩服我自己，手指随便一拉，就到这里了,1d8ad54e,5,0CFFFB
1729.93,2015-12-30 09:00:40,我男朋友喜欢的法语歌。。 ,2c577e6a,1,CB8BF7
1733.64,2015-12-12 22:47:35,莫名觉得这两个好萌 我的三观 QAQ,4b56bc43,1,FFFFFF
1749.35,2016-01-01 01:39:37,查水表,Df676c7a,1,FFFFFF
1752.31,2015-12-12 06:51:33,老公上线了吗,D5cafaf1,1,FFFFFF
1762.64,2015-12-24 01:14:30,好dio,e75abb17,1,08FF14
1763.86,2015-12-11 04:30:46,帅～,D4f67497,1,FFFFFF
1764.26,2015-12-13 03:36:37,女主老公,D0d7a47a,1,FFFFFF
1764.74,2015-12-12 04:26:42,捉到了，,ab47efef,1,FFFFFF
1764.76,2016-01-04 10:59:46,老公好帅,449e81cc,1,FFFFFF
1766.67,2015-12-13 03:36:46,女主老公,D0d7a47a,1,FFFFFF
1769.88,2015-12-21 05:26:33,那小短腿干着有意思吗,9440d429,1,FFFFFF
1770.56,2015-12-15 10:57:38,got you,Dbec6dda,1,FFFFFF
1771.69,2015-12-15 09:09:08,黑客帝国2里的,72f0eb9b,1,FFFFFF
1772.39,2016-01-11 04:08:31,有钱人,De6a301a,1,FFFFFF
1781.86,2015-12-12 17:55:53,老公比较有型,7bd15fea,1,FFFFFF
1785.98,2015-12-12 21:27:20,难道法国人天生绿帽子？,1cfbd7a0,1,FFFFFF
1792.29,2015-12-11 08:30:05,原配打小三的节奏,7ef38c98,1,FFFFFF
1799.06,2015-12-12 06:52:31,卧槽,D5cafaf1,1,FFFFFF
1803.26,2015-12-11 06:26:10,额滴神啊,cf76a60e,1,FFFFFF
1809.83,2015-12-18 10:35:25,炮友见面,Da9feb2d,1,FFFFFF
1810.16,2015-12-30 09:02:28,开放是婚姻当然彼此的情人都不能有秘密，有秘密婚姻还怎么继续,2c577e6a,1,CB8BF7
1816.69,2015-12-12 18:00:04,吓尿,7bd15fea,1,FFFFFF
1838.61,2015-12-12 03:18:25,天啊！,D1f08377,1,FFFFFF
1841.76,2015-12-19 21:39:37,怎么感觉就是  谢谢你干她   不客气。...,2407ad58,1,FFFFFF
1845.08,2015-12-12 20:39:22,扑哧～,c61562c1,1,FFFFFF
1845.16,2016-01-21 09:24:15,我好方,8947f117,1,FFFFFF
1845.23,2015-12-13 03:25:50,好好笑,8e23551e,1,FFFFFF
1851.26,2015-12-13 06:21:34,我的三观,80cc57d0,1,FFFFFF
1851.66,2015-12-13 08:57:17,what hell,c837bcf9,1,FFFFFF
1851.97,2015-12-19 05:38:30,3P节奏,D0d53f20,1,FFFFFF
1852.63,2015-12-15 07:40:55,完美的四个人,04781b7d,1,FFFFFF
1853.01,2015-12-11 06:27:00,情人大聚会么？！,cf76a60e,1,FFFFFF
1853.85,2016-01-17 09:28:40,不能理解这种…,9ed43412,1,FFFFFF
1855.67,2015-12-14 23:45:00,这就是胸怀啊！,97a8a44b,1,FFFFFF
1861.71,2016-01-09 01:21:52,法国人这偷情都是明目张胆了,b313ce56,1,FFFFFF
1863.89,2015-12-17 12:13:59,要3p,D4416394,1,FFFFFF
1868.26,2015-12-11 18:57:36,大家都好博爱,261178ed,1,FFFFFF
1868.44,2015-12-13 06:06:14,这不是土生的地球物种吧……,9aa294c4,1,FFFFFF
1868.95,2015-12-13 13:11:30,4p？,a1dd36a2,1,FFFFFF
1872.47,2015-12-15 09:11:25,男的把他的情人也带来,72f0eb9b,1,FFFFFF
1873.19,2015-12-12 07:41:41,胆子如此大！,28bb7dc0,1,FFFFFF
1889.77,2015-12-20 00:13:31,4P的节奏吗？,d72fc142,1,FFFFFF
1901.03,2015-12-12 07:42:41,我预见了4p！,28bb7dc0,1,FFFFFF
1907.24,2016-01-11 04:10:46,文化差异,De6a301a,1,FFFFFF
1910.21,2015-12-11 08:28:45,WTF,8f5c30ea,1,FFFFFF
1913.9,2015-12-15 07:41:56,说不定是四p五p,04781b7d,1,FFFFFF
1917.04,2015-12-14 08:37:07,3P？,D98fc21e,1,FFFFFF
1925.08,2015-12-12 06:54:55,什么鬼,D5cafaf1,1,FFFFFF
1925.68,2016-01-04 11:02:23,为啥她老住酒店？,449e81cc,1,FFFFFF
1927.28,2016-01-15 05:06:38,贵圈真乱…,b3683c7e,1,FFFFFF
1931.83,2015-12-20 09:39:34,肯定要3p,6268b343,1,FFFFFF
1933.09,2015-12-11 08:45:30,这种感觉真是....日了狗了...,a09b1451,1,FFFFFF
1940.7,2015-12-12 17:58:31,问题是老公真的知道自己被绿了？,7bd15fea,1,FFFFFF
1945.28,2015-12-11 12:23:39,法国文化？,5c4c48f0,1,FFFFFF
1960.35,2015-12-12 12:43:58,尼玛,6d62e863,1,FFFFFF
1964.29,2015-12-14 21:08:31,卧槽我要去法国！,37f285e1,1,FFFFFF
1965.27,2015-12-15 09:13:38,这里的世界观………,72f0eb9b,1,FFFFFF
1969.41,2015-12-13 08:36:48,打开新世界大门了,33e08cec,1,FFFFFF
1969.56,2015-12-28 14:26:18,真的到法国随便就有人想约想跑都来不及,5ad62d17,1,FFFFFF
1970.31,2015-12-15 07:42:53,想去发过,04781b7d,1,FFFFFF
1973.53,2016-01-03 16:30:47,想去法国的亲们，这里是纽约,f2598d06,1,FFFFFF
1975.87,2015-12-19 21:32:12,法国可不是这世界观,1424ba39,1,FFFFFF
1976.91,2015-12-18 12:20:24,想去,D0d8a7b5,1,FFFFFF
1998.83,2015-12-11 08:55:57,2333333,D39f0757,1,FFFFFF
1999.87,2015-12-14 08:39:04,空手赴宴？,D98fc21e,1,FFFFFF
2017.37,2016-01-21 09:28:01,很方啊,8947f117,1,FFFFFF
2019.61,2015-12-28 14:27:17,对啊怎么什么都不带美国人hhhh,5ad62d17,1,FFFFFF
2024.19,2015-12-15 05:17:21,so awkward,d5eea845,1,1300D3
2027.45,2015-12-24 01:19:41,三观已碎,449e81cc,1,FFFFFF
2030.3,2015-12-13 13:14:12,帅,a1dd36a2,1,FFFFFF
2033.85,2015-12-30 09:06:15,男主也是有钱人家的孩子,2c577e6a,1,CB8BF7
2040.26,2015-12-12 07:45:18,主角开始方了,28bb7dc0,1,FFFFFF
2047.38,2015-12-15 08:22:01,scare to dead now,D2e57cab,1,FFFFFF
2047.98,2015-12-26 05:30:59,小女孩好可爱,Dd420876,1,FFFFFF
2054.4,2015-12-11 11:03:57,what........,897fab9f,1,FFFFFF
2060.98,2016-01-21 09:30:39,吓哭,8947f117,1,FFFFFF
2061.81,2015-12-14 08:40:13,什么鬼,D98fc21e,1,FFFFFF
2071.61,2015-12-17 12:17:26,毁我三观,D4416394,1,FFFFFF
2076.21,2016-01-30 08:53:12,有钱,f4a4085a,1,FFFFFF
2078.14,2015-12-24 01:18:25,我擦咧,e75abb17,1,08FF14
2086.25,2015-12-21 22:38:31,我觉得我这些年的书白读啦,9b045239,1,FFFFFF
2093.4,2015-12-12 18:04:38,事业巅峰,7bd15fea,1,FFFFFF
2098.26,2015-12-14 04:39:43,老公的情妇。。,bd806cba,1,FFFFFF
2103.93,2015-12-13 13:47:54, 美！,D5af68e8,1,FFFFFF
2109.08,2015-12-30 09:08:54,男主显然是见过世面的，认识那么多名人，对上流社会了解不浅。。。,2c577e6a,1,CB8BF7
2111.23,2015-12-12 21:50:29,卧槽，不会吧。。,716e3a56,1,FFFFFF
2111.33,2015-12-17 03:02:45,她老公是同志,D37865ac,1,FFFFFF
2114.24,2015-12-12 21:51:45,会不会这俩小三最后一起了，然后sometimes互相换换。。。,716e3a56,1,FFFFFF
2116.15,2015-12-12 06:58:06,拍得好诡异,D5cafaf1,1,FFFFFF
2118.04,2015-12-12 10:14:04,这JANE好浪,3c396dc6,1,FFFFFF
2118.56,2015-12-12 07:46:50,男主视角,28bb7dc0,1,FFFFFF
2124.67,2015-12-11 11:05:31,是懵逼的,897fab9f,1,FFFFFF
2127.19,2015-12-13 09:37:07,好棒……好久没有看这么让我神清气爽的电影,e84e5c08,1,FFFFFF
2128.18,2015-12-15 07:21:35,男主的内心是崩溃的哈哈哈,9c43749f,1,FA4CF3
2131.37,2015-12-13 21:59:11,如果你们是主角，你们还能笑得出来吗？,0499afe2,1,FFFFFF
2132.07,2015-12-12 09:38:35,拍得好诡异 我也这么觉得QAQ,c21d8b33,1,FFFFFF
2135.07,2015-12-12 12:46:52,尼玛，人生赢家。,6d62e863,1,FFFFFF
2135.58,2015-12-12 03:23:22,真和谐~~~,D1f08377,1,FFFFFF
2138.54,2016-01-31 09:54:05,天辣噜，我的尴尬症要发了,6578971d,1,FFFFFF
2139.93,2016-01-10 11:14:34,阴影面积。。。,e1fe5189,1,FFFFFF
2140.55,2015-12-12 09:20:00,我想这是入圈子了,cdd5562b,1,FFFFFF
2140.8,2015-12-26 03:40:58,神清气爽+1,6ba340cc,1,FFFFFF
2141.43,2015-12-14 07:16:22,我觉得女主还不止男主一个吧,ac4fa32c,1,FFFFFF
2141.47,2016-01-10 00:40:17,喜欢bgm,b1dd4b52,1,FFFFFF
2145.84,2016-01-19 15:22:18,女主好美,D884be46,1,FFFFFF
2146.95,2016-01-21 09:32:30,贵圈真乱真的好乱,8947f117,1,FFFFFF
2148.37,2016-01-05 15:11:35,传说中的换妻俱乐部咩,5f603812,1,FFFFFF
2148.42,2015-12-14 08:41:55,黑色幽默？,D98fc21e,1,FFFFFF
2148.79,2015-12-12 11:37:57,男主有点漂亮的朋友既视感,76f69156,1,FFFFFF
2151.39,2015-12-13 10:59:08,前面漂亮朋友的别走,6a3d5437,1,FFFFFF
2154.9,2015-12-17 12:18:51,一群的意思？,D4416394,1,FFFFFF
2161.54,2016-01-17 09:33:52,男主插不上话,9ed43412,1,FFFFFF
2168.7,2015-12-13 03:51:04,进圈成功！ ,D0d7a47a,1,FFFFFF
2177.51,2015-12-15 04:53:17,多看书多看报。。,37313cc7,1,FFFFFF
2180.25,2016-01-02 22:16:19,少撸管子多干炮,32785806,1,FFFFFF
2181.49,2015-12-18 02:22:31,是啊，如此神关系的电影，真是够了,ae7c77cc,1,FFFFFF
2197.61,2016-01-01 01:48:08,呜嗷,Df676c7a,1,FFFFFF
2215.46,2015-12-12 06:59:58,2只小三,D5cafaf1,1,FFFFFF
2221.74,2015-12-12 07:48:51,男主心里是崩溃的,28bb7dc0,1,FFFFFF
2222.2,2015-12-21 09:17:39,这两个在一起就神作了,bf0fad9c,1,FFFFFF
2225.46,2015-12-15 08:24:58,Come on u ppl,D2e57cab,1,FFFFFF
2233.48,2015-12-17 12:20:08,一起！,D4416394,1,FFFFFF
2238.77,2015-12-12 07:49:28,这是不是要lyp？！,28bb7dc0,1,FFFFFF
2242.37,2016-01-17 09:35:45,这个不会是那个男的的情人吧,9ed43412,1,FFFFFF
2248.83,2015-12-15 08:25:22,such a good movie!!!,D2e57cab,1,FFFFFF
2257.33,2015-12-12 18:07:27,洗脑神作,7bd15fea,1,FFFFFF
2264.47,2016-01-03 08:56:54,想入圈,43e9d885,1,FFFFFF
2273.55,2015-12-12 23:49:55,z这电影绝对不能给老婆看。。。,740f7dcc,1,FFFFFF
2286.72,2015-12-11 20:41:23,最后他俩在一起？,50a66aa8,1,FFFFFF
2291.02,2015-12-21 22:42:27,完全就是将快乐进行到底,9b045239,1,FFFFFF
2297.92,2015-12-17 03:14:20,毁了我的三观,517acd62,1,FFFFFF
2329.92,2015-12-11 09:41:12,感觉他们两会搭上啊，，，,ec93c6cf,1,FFFFFF
2338.26,2015-12-13 09:40:47,不要乱讲,e84e5c08,1,FFFFFF
2350.71,2016-01-11 04:19:16,见家长？！,De6a301a,1,FFFFFF
2355.56,2015-12-17 12:22:10,我尼玛,D4416394,1,FFFFFF
2358.1,2015-12-13 08:26:18,女主嘴能闭上嘛！,b2c3dbcb,1,FFFFFF
2373.93,2016-01-12 01:17:24,这是101斑点狗和雌雄莫辨里的那位吗？！,81267375,1,FFFFFF
2385.51,2015-12-27 04:32:31,神表情,0de255f5,1,FFFFFF
2413.14,2016-01-12 01:18:31,这老头也眼熟啊,81267375,1,FFFFFF
2418.81,2015-12-17 12:23:13,见家长，，，,D4416394,1,FFFFFF
2428.99,2015-12-12 07:05:12,麻麻也是奇葩,D5cafaf1,1,FFFFFF
2434.89,2015-12-12 21:47:43,前边尼玛的，我特意快进来见你，以表发我的同病相怜！！！,716e3a56,1,FFFFFF
2460.49,2015-12-18 10:46:15,哈哈,Da9feb2d,1,FFFFFF
2469.59,2015-12-12 20:48:46,老太太这么站着大丈夫？,6f7a92f5,1,FFFFFF
2494.3,2016-01-13 09:32:35,脑洞很大。。。,2e6a5c4e,1,FFFFFF
2506.53,2015-12-24 01:23:34,唱歌剧二 2333333,e75abb17,1,FFFFFF
2519.01,2016-01-01 01:54:05,哈哈哈,Df676c7a,1,FFFFFF
2553.24,2015-12-15 04:59:52,233333333333333333,37313cc7,1,FFFFFF
2554.84,2016-01-05 12:22:51,恍恍惚惚,D03f98a3,1,FFFFFF
2557.95,2016-01-10 11:21:32,哈哈哈哈哈,e1fe5189,1,FFFFFF
2560.19,2015-12-13 06:17:12,吓的坐下来了,9aa294c4,1,FFFFFF
2562.88,2015-12-13 22:06:45,23333333333,0499afe2,1,FFFFFF
2563.74,2015-12-12 07:11:42,23333333333333,D5cafaf1,1,FFFFFF
2563.79,2015-12-14 13:34:23,2333333333333333333,0e51c2ed,1,FFFFFF
2564.69,2015-12-15 09:31:01,老爹吓得喝杯酒压压惊,72f0eb9b,1,FFFFFF
2564.92,2015-12-29 04:15:18,233333333,Def19c41,1,FFFFFF
2565.56,2015-12-14 07:24:04,喝杯酒压压惊,ac4fa32c,1,FFFFFF
2566.31,2015-12-16 10:43:53,2333333333333,628f7aa8,1,FFFFFF
2566.66,2015-12-12 10:21:32,老两口吓尿了,3c396dc6,1,FFFFFF
2570.48,2015-12-12 01:36:35,哈哈哈哈哈哈,1358daac,1,FFFFFF
2571.63,2015-12-21 01:08:24,haha,e53933e4,1,C94FF3
2571.89,2015-12-17 12:25:46,点点点点,D4416394,1,FFFFFF
2599.41,2015-12-12 10:22:05,pancreas不是肺,3c396dc6,1,FFFFFF
2607.84,2015-12-19 19:25:14,哈哈哈哈哈,3b9cd075,1,FFFFFF
2608.24,2015-12-29 04:15:44,233333,Def19c41,1,FFFFFF
2620.82,2015-12-25 08:13:33,怎么没有人,D21ec8f2,1,FFFFFF
2621.48,2016-01-30 22:31:23,哈哈哈哈哈,f4a4085a,1,FFFFFF
2628.22,2016-01-17 09:42:34,发现我到现在都没看懂…,9ed43412,1,FFFFFF
2636.15,2015-12-19 19:27:47,把美国人嘲讽死了,3b9cd075,1,FFFFFF
2671.59,2015-12-22 00:15:23,幽默,9b045239,1,FFFFFF
2680.6,2015-12-18 10:49:56,fuck,Da9feb2d,1,FFFFFF
2689.81,2016-01-17 10:28:19,看了第三遍,D7cb6dfe,1,FFFFFF
2695.63,2016-01-17 10:38:11,第三遍了,695bffd0,1,FFFFFF
2697.13,2016-01-10 10:37:09,演老妈的拿过奥斯卡最佳女演员,aa916d6d,1,FFFFFF
2712.11,2016-01-01 01:57:40,哎哟哈哈哈,Df676c7a,1,FFFFFF
2723.54,2016-01-10 10:39:07,老妈是《廊桥遗梦》的女主角,aa916d6d,1,FFFFFF
2730.5,2015-12-14 21:21:32,妈妈是天使！,37f285e1,1,FFFFFF
2731.97,2016-01-05 15:23:37,这脑给洗的，参加传销吧,5f603812,1,FFFFFF
2734.31,2015-12-12 08:00:19,boom,28bb7dc0,1,FFFFFF
2737.05,2016-01-10 11:24:31,三观。。,e1fe5189,1,FFFFFF
2737.96,2015-12-14 13:37:17,洗脑神作,0e51c2ed,1,FFFFFF
2745.09,2015-12-24 01:27:55,这也行啊,e75abb17,1,FFFFFF
2750.83,2016-01-03 09:05:20,没错啊，善待爱慕自己儿子的人,43e9d885,1,FFFFFF
2752.71,2015-12-17 03:26:02,憋食我了,517acd62,1,FFFFFF
2754.66,2015-12-13 02:09:10,shakalaka ,6dc7d6c4,1,FFFFFF
2758.44,2016-01-12 01:24:47,像她那样走路！算了吧，别逗了,81267375,1,FFFFFF
2770.2,2015-12-12 08:01:54,一个用国家文化作为根本的婚外恋是具有十足底气的,28bb7dc0,1,FFFFFF
2772.75,2015-12-12 08:19:47,好萌啊，这对老夫妻。,47e40367,1,FFFFFF
2790.44,2016-01-01 01:59:07,正解,Df676c7a,1,FFFFFF
2795.58,2015-12-18 08:18:58,电影一切都好，只是男主长得年纪太小了……不懂女主看上他哪儿,c14ecf1a,1,FFFFFF
2802.82,2016-01-03 05:54:25,就是看上他年纪小可爱,34a4de30,1,FFFFFF
2802.98,2015-12-22 00:18:19,前面的，看剧情。不要吃不到葡萄说葡萄酸,9b045239,1,FFFFFF
2815.34,2015-12-12 08:03:11,她和她老公是形婚吧,28bb7dc0,1,FFFFFF
2823.79,2015-12-15 03:49:00,行婚生两个孩子？,d6bb6a5d,1,FFFFFF
2832.83,2015-12-18 08:20:36,如果我说我很能理解这种关系会不会不太合群,c14ecf1a,1,FFFFFF
2836.37,2016-01-02 22:27:34,形婚就不生孩子了 参照王力宏,32785806,1,FFFFFF
2838.3,2015-12-19 04:40:55,抠鼻，理解+1,6cc93006,1,FFFFFF
2839.04,2015-12-26 03:53:29,我也能理解,6ba340cc,1,FFFFFF
2853.73,2016-01-01 02:00:44,哈哈哈,Df676c7a,1,FFFFFF
2895.73,2016-01-01 02:01:22,哈哈哈萌,Df676c7a,1,FFFFFF
2898.4,2015-12-12 01:42:06,好有爱,1358daac,1,FFFFFF
2900.48,2016-01-10 11:27:19,哈哈哈哈,e1fe5189,1,FFFFFF
2900.9,2015-12-13 02:06:51,哈哈这电影很有意思啊,a070aaf0,1,FFFFFF
2916.31,2015-12-14 03:43:55,那不是她老公的车？,7aa2373c,1,FFFFFF
2916.41,2015-12-30 09:34:29,他们对话用的词汇量都好高级哦。。 ,2c577e6a,1,CB8BF7
2917.79,2015-12-12 08:05:37,他们做了神马！假装看不懂的样子,28bb7dc0,1,FFFFFF
2928.4,2015-12-30 09:34:46,obliterate your palate,2c577e6a,1,CB8BF7
2934.63,2016-01-02 22:29:22,do what？,32785806,1,FFFFFF
2937.78,2015-12-14 06:55:01,我是关了弹幕吗还是大家都退了...,17c5f990,1,FFFFFF
2938.84,2015-12-14 03:44:30,干了什么？,7aa2373c,1,FFFFFF
2941.8,2015-12-13 01:48:10,口吗,d382144a,1,FFFFFF
2943.84,2015-12-15 08:36:57,缸交么？,D2e57cab,1,FFFFFF
2945.85,2015-12-12 10:27:52,肛正面了？,3c396dc6,1,FFFFFF
2950.98,2016-01-02 22:29:55,估计是肛了一波,32785806,1,FFFFFF
2954.27,2015-12-20 23:26:25,节操呢！！！,D5d41a41,1,FFFFFF
2960.68,2015-12-16 10:50:37,觉得好有爱啊突然,628f7aa8,1,FFFFFF
2967.22,2015-12-30 09:35:28,男主暴舔天物了吧,2c577e6a,1,CB8BF7
3065.77,2015-12-15 09:40:03,奇葩的一家人,72f0eb9b,1,FFFFFF
3067.34,2015-12-12 07:20:55,我擦,D5cafaf1,1,FFFFFF
3070.63,2015-12-13 04:34:44,熊孩子,D0d7a47a,1,FFFFFF
3071.0,2015-12-24 01:33:17,什么鬼,449e81cc,1,FFFFFF
3072.13,2015-12-12 09:49:29,我看的都觉得很怪很怪 我的天,c21d8b33,1,FFFFFF
3075.18,2015-12-16 13:03:38,哇噻 我喜欢法国,159bd3ce,5,E5AC0E
3075.18,2016-01-10 11:30:09,卧槽。。,e1fe5189,1,FFFFFF
3077.14,2015-12-24 01:33:39,这样对于小孩真的好么。。。,449e81cc,1,FFFFFF
3083.22,2015-12-15 07:48:36,可以的~,04781b7d,1,FFFFFF
3084.05,2015-12-13 03:42:47,毁三观,6dfd0a1d,1,FFFFFF
3086.14,2016-01-03 09:11:11,国俗不同呀,43e9d885,1,FFFFFF
3088.59,2015-12-12 10:30:14,那个啥，文化要从小培养,3c396dc6,1,FFFFFF
3093.11,2015-12-18 02:46:01,涨姿势了,ae7c77cc,1,FFFFFF
3130.32,2015-12-30 09:38:03,女儿说  打不中打不中打不中,2c577e6a,1,CB8BF7
3131.59,2016-01-10 00:57:46,神之哼鸣,b1dd4b52,1,FFFFFF
3161.62,2016-01-10 00:58:42,what's this？,b1dd4b52,1,FFFFFF
3167.64,2015-12-16 13:05:30,稿件被录用了？,159bd3ce,5,E5AC0E
3177.26,2016-01-10 11:31:51,成功了？,e1fe5189,1,FFFFFF
3180.28,2015-12-12 02:58:10,人生赢家 ,D55a8d2b,1,FFFFFF
3182.27,2016-01-01 02:06:16,可爱,Df676c7a,1,FFFFFF
3186.11,2015-12-14 13:44:45,从此走向让人生巅峰,0e51c2ed,1,FFFFFF
3202.28,2015-12-12 13:24:52,好喜欢这种在外是气质女神，在家是欢乐逗比的,6b9fbbd9,1,FFFFFF
3205.25,2016-01-03 06:06:38,女主除了三观奇特还逗比，好喜欢,34a4de30,1,FFFFFF
3225.34,2015-12-30 09:39:38,那么问题来了,2c577e6a,1,CB8BF7
3236.67,2015-12-13 00:06:05,洗手间的意思吗,740f7dcc,1,FFFFFF
3241.04,2015-12-15 09:43:39,一个成功男人背后总有一个已婚女人,72f0eb9b,1,FFFFFF
3264.33,2015-12-12 18:25:07,逆袭,7bd15fea,1,FFFFFF
3270.27,2015-12-12 22:04:19,前面形婚的对伪装夫妇的结局怎么看？我是特意快进来见你的,716e3a56,1,FFFFFF
3288.71,2016-01-01 02:10:20,卧槽 ,Df676c7a,1,FFFFFF
3298.41,2016-01-02 22:35:53,wtf,32785806,1,FFFFFF
3298.71,2016-01-05 15:33:08,23333333333,5f603812,1,FFFFFF
3300.22,2015-12-13 09:57:00,figured,e84e5c08,1,FFFFFF
3305.02,2015-12-19 07:12:51,这一家人各怀心事啊,3a97bb43,1,FFFFFF
3306.03,2015-12-26 01:12:25,好评镜头,D9834adf,1,FFFFFF
3311.1,2016-01-27 07:55:16,哈哈爸爸心里有一千只草泥马在奔腾,dfa0efcf,1,FFFFFF
3311.25,2016-01-02 22:36:33,爸爸 难道我上一辈子日了大地,32785806,1,FFFFFF
3312.02,2015-12-14 07:24:51,233333,b863c394,1,FFFFFF
3315.02,2015-12-21 09:14:37,哈哈哈哈哈,dfebf480,1,9853F2
3317.04,2015-12-12 07:25:38,三观尽毁,D5cafaf1,1,FFFFFF
3330.22,2015-12-15 05:39:35,233333,37313cc7,1,FFFFFF
3348.68,2016-01-15 19:56:47,只有爸爸三观正常,8a1f2263,1,FFFFFF
3358.82,2015-12-19 19:39:50,哈哈哈哈哈,3b9cd075,1,FFFFFF
3393.93,2015-12-12 18:20:31,挂在厕所=厕纸？,dd2f1c53,1,FFFFFF
3499.48,2015-12-13 10:00:40,这部电影的bgm太美了,e84e5c08,1,FFFFFF
3526.67,2015-12-12 13:10:11,疯了,6d62e863,1,FFFFFF
3542.91,2015-12-12 18:29:45,要掉链子,7bd15fea,1,FFFFFF
3584.78,2016-01-10 11:37:28,哈哈哈哈,e1fe5189,1,FFFFFF
3590.25,2015-12-16 13:12:48,哈哈哈这编辑贼可爱了,159bd3ce,5,E5AC0E
3591.23,2015-12-13 02:18:02,2333333333,a070aaf0,1,FFFFFF
3592.02,2015-12-12 08:45:35,演得不错,cb813391,1,FFFFFF
3592.67,2015-12-17 03:41:41,可爱的妹子,517acd62,1,FFFFFF
3600.14,2016-01-26 10:52:58,妹子这么高兴不会是爱上他了吧,99188b21,1,FFFFFF
3602.72,2015-12-23 07:57:07,她编辑不是小三好吗？,eebd809e,1,FFFFFF
3649.56,2015-12-24 06:23:53,这个梗哈哈哈,ece73fb1,1,FFFFFF
3653.97,2016-01-03 09:19:59,阿我的尴尬癌,43e9d885,1,FFFFFF
3661.57,2015-12-17 03:43:40,我不要土豆味的狗粮  我要辣条味的,517acd62,1,FFFFFF
3671.61,2015-12-14 05:30:43,杨雪瑶我爱你~,D7e219f9,1,FFFFFF
3683.75,2016-01-03 09:21:15,赖雅玲我想你,43e9d885,1,FFFFFF
3703.49,2015-12-17 14:59:49,做爱,D4172b7a,1,FFFFFF
3712.04,2015-12-15 22:19:56,电影看的人都平静下来了，好久没这么舒服的感觉了,80aa5a12,1,FFFFFF
3719.74,2015-12-18 08:32:32,希望老了也能自己开车去想去的地方，自由出行,c14ecf1a,1,FFFFFF
3793.33,2015-12-12 18:33:55,男主玩不起了,7bd15fea,1,FFFFFF
3804.63,2015-12-16 12:26:25,@jojo,D8b8e36e,1,FFFFFF
3819.92,2016-01-23 13:33:51,原来外国电影也有这么明显的植入哈哈哈,4624e473,1,FFFFFF
3837.95,2015-12-20 21:36:54,··,D588a085,1,FFFFFF
3841.67,2016-01-17 11:03:10,要表白了？！,695bffd0,1,FFFFFF
3845.97,2016-01-12 08:38:46,Helo,D3f87732,1,FFFFFF
3850.86,2015-12-18 08:35:01,别傻了好吗,c14ecf1a,1,FFFFFF
3854.4,2016-01-12 08:39:01,Hello,D3f87732,1,FFFFFF
3862.4,2015-12-12 18:35:05,悲剧,7bd15fea,1,FFFFFF
3863.17,2016-01-26 10:57:39,幼稚与成熟的对白,99188b21,1,FFFFFF
3865.97,2015-12-14 04:06:12,还好有进度条,7aa2373c,1,FFFFFF
3877.03,2016-01-06 09:31:47,失去理智了,Ddc6211e,1,FFFFFF
3878.66,2016-01-01 02:17:46,直觉没戏,Df676c7a,1,FFFFFF
3884.14,2016-01-02 23:34:54,肯定没 要离早离了 会跟你离么,32785806,1,FFFFFF
3885.25,2015-12-15 08:52:38,OMG...,D2e57cab,1,FFFFFF
3909.0,2016-01-10 11:54:02,...晚了,e1fe5189,1,FFFFFF
3910.08,2015-12-17 00:16:19,镜头总是晃！,e18f3e43,1,FFFFFF
3910.97,2015-12-22 00:48:41,男主想开挂,9b045239,1,FFFFFF
3946.21,2015-12-12 13:17:17,有病吧男的,6d62e863,1,FFFFFF
3950.15,2015-12-28 15:19:26,我觉得男主是个满典型的美国男性角色,5ad62d17,1,FFFFFF
3954.2,2015-12-18 08:37:06,我只想问男主有什么好！！,c14ecf1a,1,FFFFFF
3954.99,2015-12-14 11:17:26,玩玩就玩玩，动什么感情啊。谁动感情谁玩蛋,3415f0e5,1,FFFFFF
3955.0,2015-12-17 04:42:04,前面的你有病吧,dc6d7c7d,1,FFFFFF
3964.15,2015-12-14 12:49:23,也没办法,D76990d7,1,FFFFFF
3966.44,2015-12-17 00:40:42,我的三观,ca3e7d20,1,FFFFFF
3968.36,2015-12-30 10:03:30,男主可爱啊。。 ,2c577e6a,1,CB8BF7
3971.75,2015-12-16 03:26:34,我感觉这女的才有病,5900f490,1,FFFFFF
3973.79,2015-12-22 00:50:56,剧情需要我相信剧本的作者，也是脑洞大开,9b045239,1,FFFFFF
3976.48,2015-12-30 10:03:38,其实身材也还可以的，有胸的,2c577e6a,1,CB8BF7
3978.21,2015-12-13 00:18:39,男的太幼稚,740f7dcc,1,FFFFFF
3982.85,2016-01-12 01:52:54,这部戏里的弹幕，可以清晰的分辨出男女，最明显有不同的一次！,81267375,1,FFFFFF
3984.6,2015-12-16 03:26:51,。,5900f490,1,FFFFFF
3999.55,2015-12-18 08:38:10,天哪！真的是作家！太会说话！,c14ecf1a,1,FFFFFF
4005.75,2015-12-12 18:37:27,男主太嫩鸡,7bd15fea,1,FFFFFF
4010.55,2015-12-24 06:29:49,最开始是女主先撩的啊。。,ece73fb1,1,FFFFFF
4011.43,2015-12-16 03:27:34,女主胳膊好粗壮,5900f490,1,FFFFFF
4012.54,2015-12-14 02:24:02,这双手不错,938dca61,1,FFFFFF
4018.28,2016-01-14 23:47:14,感情会是善变的,4d9822a3,1,FFFFFF
4047.71,2015-12-17 23:20:07,享受就好，过犹不及，唉，伐开心啦～,c23ddfd7,1,FFFFFF
4056.5,2015-12-12 10:46:22,巧舌如簧啊,3c396dc6,1,FFFFFF
4068.05,2015-12-17 00:42:23,想玩儿就要有随时玩儿脱线的准备阿,ca3e7d20,1,FFFFFF
4076.61,2016-01-26 11:02:20,敢于突破就是年轻的属性，不这样人生哪有高潮,99188b21,1,FFFFFF
4086.63,2015-12-26 01:13:59,卧槽 unbelievable,63a695f8,1,0200E9
4091.37,2015-12-19 07:26:47,不愧是作家啊啊啊啊啊技能满分~~~~~~~~,3a97bb43,1,FFFFFF
4098.05,2015-12-30 10:05:40,肯定不会开心，然后高潮部分就来了。。 ,2c577e6a,1,CB8BF7
4106.95,2015-12-14 12:51:46,no,D76990d7,1,FFFFFF
4110.21,2015-12-14 21:44:59,别啊。。。女主本来很洒脱的！,37f285e1,1,FFFFFF
4113.09,2016-01-02 23:39:17,男主肯定和编辑妹子啊 法国夫妻继续过这样生活啦,32785806,1,FFFFFF
4114.04,2015-12-30 10:05:56,我全心全意的爱你。。 ,2c577e6a,1,CB8BF7
4114.72,2015-12-12 18:39:17,都傻了,7bd15fea,1,FFFFFF
4115.03,2015-12-11 13:39:19,她说啥？傻蛋艹母狗?,3576b3fc,1,FFFFFF
4115.64,2015-12-14 07:15:34,renne,17c5f990,1,FFFFFF
4117.84,2015-12-14 07:15:42,人呢,17c5f990,1,FFFFFF
4120.55,2015-12-30 10:07:01, Je t'aime de tout mon cœur,2c577e6a,1,CB8BF7
4124.04,2015-12-13 06:26:38,J'taime mon coeur?,D5a4e8e8,1,FFFFFF
4136.43,2015-12-26 01:26:59,flag,D9834adf,1,FFFFFF
4137.13,2015-12-15 09:24:47,我半天，我要谈一场恋爱,e8c7052d,1,FFFFFF
4144.33,2016-01-09 22:08:10,有点害怕,8ad135d5,1,FFFFFF
4147.68,2016-01-03 04:01:28,女主会死吗,4e689b30,1,FFFFFF
4163.33,2015-12-14 21:46:07,这个男主。。。。。。好毁气氛,37f285e1,1,FFFFFF
4163.46,2015-12-15 09:25:17,我要爱,e8c7052d,1,FFFFFF
4164.48,2016-01-09 22:08:42,感觉要告别了,8ad135d5,1,FFFFFF
4167.58,2015-12-13 00:05:59,叼叼叼叼叼的,D684ce73,1,FFFFFF
4181.03,2016-01-06 09:36:59,要爱,Ddc6211e,1,FFFFFF
4185.66,2015-12-16 13:23:09,only if he were a writer,159bd3ce,5,E5AC0E
4187.56,2015-12-13 10:16:08,请看进度条,997a5a5f,1,FFFFFF
4189.17,2015-12-15 08:11:40,女主手指好长,D1a1057c,1,FFFFFF
4191.9,2015-12-30 10:08:15, 没有差错就没有高潮,2c577e6a,1,CB8BF7
4200.66,2015-12-11 19:10:03,别傻了 走不了的,261178ed,1,FFFFFF
4203.52,2016-01-06 09:37:27,悲剧,Ddc6211e,1,FFFFFF
4204.98,2016-01-10 11:57:46,卧槽,e1fe5189,1,FFFFFF
4217.19,2016-01-22 10:01:31,杀人灭口,D659ed0a,1,FFFFFF
4221.49,2015-12-12 18:41:10,作,7bd15fea,1,FFFFFF
4227.8,2015-12-14 21:47:20,太作了。。。。,37f285e1,1,FFFFFF
4229.7,2016-01-11 04:54:57,不会被打死吧,De6a301a,1,FFFFFF
4229.86,2015-12-14 05:40:04,这下GG了,D7e219f9,1,FFFFFF
4250.33,2015-12-12 18:41:38,老公分分钟压制,7bd15fea,1,FFFFFF
4253.6,2015-12-16 22:40:31,药丸,D39ad362,1,FFFFFF
4258.38,2015-12-17 00:45:34,好,ca3e7d20,1,FFFFFF
4258.42,2015-12-23 07:43:47,为啥不开灯,Dfe57eb9,1,FFFFFF
4262.81,2015-12-16 13:25:05,这段太有张力了妈啊啊啊啊啊啊,159bd3ce,5,E5AC0E
4281.28,2016-01-29 04:14:09,OMG我的三观,D2aef9ab,1,FFFFFF
4283.18,2015-12-14 21:48:20,男主太作了,37f285e1,1,FFFFFF
4306.18,2015-12-12 13:44:11,卧槽？？？这丈夫绅士风度到爆炸啊,6b9fbbd9,1,FFFFFF
4308.59,2015-12-12 08:42:30,卧槽！,28bb7dc0,1,FFFFFF
4309.6,2016-01-23 21:53:33,艹 反转啊,D8482dbb,1,FFFFFF
4310.14,2015-12-16 23:37:39,卧槽,a5d58f17,1,FFFFFF
4310.53,2015-12-14 05:41:24,wtf,D5d47b7b,1,FFFFFF
4312.45,2015-12-13 12:08:11,卧槽！三观真的塌了,66992756,1,FFFFFF
4312.89,2015-12-24 06:34:12,惊呆了。。。,ece73fb1,1,FFFFFF
4313.95,2015-12-16 04:11:23,被丈夫暖到了,3008e9e5,1,FFFFFF
4316.23,2015-12-12 08:57:45,我勒个去,cb813391,1,FFFFFF
4316.34,2016-01-02 01:09:37,卧槽,89de5784,1,FFFFFF
4316.35,2015-12-16 06:18:04,什么情况？,8021a1bf,1,FFFFFF
4318.79,2015-12-13 02:11:59,没有人生观。。。。。。。。,d382144a,1,FFFFFF
4319.41,2015-12-12 13:23:24,卧槽,6d62e863,1,FFFFFF
4319.43,2016-01-30 23:23:14,wtf！,f4a4085a,1,FFFFFF
4320.82,2015-12-24 06:02:29,没懂,479cef26,1,FFFFFF
4322.35,2015-12-13 05:27:53,我去,1a5c020e,1,FFFFFF
4324.29,2015-12-16 13:26:19,卧槽,159bd3ce,5,E5AC0E
4326.2,2015-12-12 18:42:49,老公好啊,7bd15fea,1,FFFFFF
4328.39,2016-01-03 04:17:30,有点不太懂这电影的核心了,4e689b30,1,FFFFFF
4328.47,2015-12-13 05:27:59,按,1a5c020e,1,FFFFFF
4334.18,2015-12-24 06:02:43,这个瞬间爆炸,479cef26,1,FFFFFF
4334.88,2015-12-12 13:23:45,尼玛，日了狗了,6d62e863,1,FFFFFF
4336.68,2015-12-26 12:23:59,阿西吧,22cb03e4,1,FFFFFF
4342.91,2015-12-14 21:49:38,卧槽我不想女主离婚,37f285e1,1,FFFFFF
4348.27,2016-01-24 10:45:34,我曹,2df7ca84,5,CBDC40
4348.38,2016-01-01 02:24:32,同,Df676c7a,1,FFFFFF
4349.55,2016-01-24 04:57:32,拒绝离婚,D4cc6a2f,1,FFFFFF
4351.75,2016-01-25 21:34:23,看这个电影三观得暂时放在一边,460449d8,1,FFFFFF
4365.41,2016-02-01 09:49:25,这钱是拿来照顾好他自己的吧。。。,79232a90,1,FFFFFF
4372.67,2016-01-25 21:34:57,我更喜欢那个女编辑,460449d8,1,FFFFFF
4375.81,2016-01-12 02:00:08,感觉这部戏并没有很浪漫,81267375,1,FFFFFF
4402.86,2016-01-03 09:33:48,认真你就输了,43e9d885,1,FFFFFF
4439.51,2016-01-12 02:01:41,自从看了那腿后，总觉得女主的演技就和腿一样，差评,81267375,1,FFFFFF
4481.57,2016-01-26 11:09:13,好美啊,99188b21,1,FFFFFF
4515.18,2015-12-26 04:22:56,马的哭了,6ba340cc,1,FFFFFF
4536.88,2015-12-30 10:19:28, 法语：你的心将永远比我的还珍贵,2c577e6a,1,CB8BF7
4557.5,2016-01-26 11:11:02,起于情感止于理智，成熟,99188b21,1,FFFFFF
4578.82,2015-12-13 10:31:06,再看一眼进度条,997a5a5f,1,FFFFFF
4599.98,2016-01-03 09:37:22,爱情是自私的，该片没有突出这点,43e9d885,1,FFFFFF
4608.35,2016-01-24 05:02:01,理智与情感,D4cc6a2f,1,FFFFFF
4608.76,2015-12-16 06:23:06,好美的诀别书,8021a1bf,1,FFFFFF
4611.34,2015-12-19 13:15:23,作为酒店人士，开着门打扫是十分不专业的哟。,f70b270a,1,FFFFFF
4623.87,2016-01-17 22:39:15,说到底，女人总是比男人更加现实还有就是法国文化难道是闷骚？2333,d8d39a9b,1,FFFFFF
4626.2,2015-12-17 00:51:55,最后还要说情话,ca3e7d20,1,FFFFFF
4628.09,2015-12-13 00:29:32,越界了，真惨,740f7dcc,1,FFFFFF
4631.17,2016-01-30 08:56:55,崩盘。。。,D6d09f52,1,FFFFFF
4638.76,2015-12-13 23:00:40,那25w分手费？ 这波不亏,0499afe2,1,FFFFFF
4639.4,2015-12-16 06:23:50,可是我喜欢这个结局,8021a1bf,1,FFFFFF
4639.62,2015-12-31 02:42:26,没事，咱还有那二十五万,286d4091,5,FFFFFF
4645.72,2015-12-26 04:25:25,哭死了,6ba340cc,1,FFFFFF
4651.24,2015-12-13 16:53:27,年轻人的冲动,9cfa5b37,1,FFFFFF
4654.23,2015-12-18 08:46:42,这样也好，各自留下美的回忆,c14ecf1a,1,FFFFFF
4657.24,2015-12-17 00:52:19,进度条,ca3e7d20,1,FFFFFF
4658.59,2015-12-30 10:21:32, 看进度条,2c577e6a,1,CB8BF7
4660.64,2016-01-26 11:12:55,不试试怎么知道,99188b21,1,FFFFFF
4669.46,2015-12-30 10:21:43,还有高潮没来呢,2c577e6a,1,CB8BF7
4695.32,2016-01-03 10:58:54,wtf小费都不给,32785806,1,FFFFFF
4752.6,2016-01-03 09:40:32,对，跟我女朋友分手后到哪看谁都像她，我爱她,43e9d885,1,FFFFFF
4774.4,2016-01-29 04:24:22,爱情太复杂,D2aef9ab,1,FFFFFF
4778.68,2015-12-12 09:05:41,图样图森破,cb813391,1,FFFFFF
4784.47,2015-12-14 21:57:22,还是太年轻 太作 非要越界 不受人家定的界限,37f285e1,1,FFFFFF
4790.08,2015-12-26 04:28:00,这就是爱情啊,6ba340cc,1,FFFFFF
4790.87,2015-12-15 06:05:24,总之有些东西说不清楚的，爱情源于它发生的那一刻。,37313cc7,1,FFFFFF
4790.87,2015-12-15 06:05:56,不要等，不要等到以后再说这个故事。——《守望灯塔》,37313cc7,1,FFFFFF
4791.09,2015-12-12 13:31:15,赚了25刀,6d62e863,1,FFFFFF
4800.32,2015-12-19 22:31:28,当爱来临，越界，去最求爱情不是很美么,1424ba39,1,FFFFFF
4805.76,2015-12-26 04:28:23,+1,6ba340cc,1,FFFFFF
4823.56,2016-01-09 01:58:03,92642692,3dca33c9,1,FFFFFF
4825.38,2016-01-09 01:58:21,忘拔钥匙！！！！！！,3dca33c9,1,CAC689
4850.31,2016-01-26 11:16:17,老电影的配乐真是醉了,99188b21,1,FFFFFF
4872.98,2016-01-05 11:31:45,到这就结束了多好,4d34f8f6,1,FFFFFF
4880.98,2016-01-26 11:17:03,美国电影嘛~总有希望,99188b21,1,FFFFFF
4882.68,2016-01-25 21:46:45,希望他俩在一起,460449d8,1,FFFFFF
4912.67,2015-12-12 07:52:16,23333333333,D5cafaf1,1,FFFFFF
4924.63,2016-02-01 09:58:45,然后他们俩在一起了？,79232a90,1,FFFFFF
4927.76,2016-01-11 06:09:26,很鲜明的对比 人家简知道这不是真的分手了还这么洒脱,8917e282,1,FFFFFF
4940.49,2015-12-13 05:20:31,在一起？,D0d7a47a,1,FFFFFF
4942.63,2016-01-26 11:18:22,这编辑真跟个保姆一样,99188b21,1,FFFFFF
4946.04,2015-12-14 04:25:22,在一起了,7aa2373c,1,FFFFFF
4960.51,2015-12-12 20:14:42,这俩小三英雄惜英雄呢啊…,96bcfa8a,1,FFFFFF
4966.09,2015-12-21 08:05:48,难兄难弟的感觉～啊哦～,2fbbc8a7,1,FFFFFF
4966.1,2016-01-05 04:38:47,妈妈船吸妈妈船,232331d2,1,FFFFFF
4967.92,2015-12-14 11:34:39,英雄惜英雄可还行,3415f0e5,1,FFFFFF
4971.34,2015-12-18 21:17:03,前面的你够了,e87d8a9f,1,FFFFFF
4976.65,2015-12-14 05:52:31,乘虚而入,D7e219f9,1,FFFFFF
4982.02,2015-12-13 02:23:20,其实我发现你也挺好的,d382144a,1,FFFFFF
4982.73,2015-12-12 21:25:28,姐弟一般,3255e145,1,FFFFFF
4990.06,2016-01-26 11:19:25,笔记本放那干嘛？散热快吗？,99188b21,1,FFFFFF
4996.27,2016-01-27 08:24:10,哈哈哈哈哈哈哈散热快太好笑了,dfa0efcf,1,FFFFFF
5000.63,2015-12-11 10:56:12,感觉男主要走向人生巅峰了，灵感来了！,c35d9bf3,1,FFFFFF
5007.66,2015-12-18 08:02:03,后面好像有芭莎（？）的退稿信,de270947,1,FFFFFF
5011.83,2015-12-28 16:12:48,我也看到芭莎了,5ad62d17,1,FFFFFF
5038.01,2015-12-12 18:55:39,泉涌,7bd15fea,1,FFFFFF
5038.47,2015-12-30 10:42:57,我猜是到书店门口,2c577e6a,1,CB8BF7
5039.59,2015-12-13 05:22:27,这女的也不错,D0d7a47a,1,FFFFFF
5059.71,2016-01-26 11:21:20,果然到巅峰了，唉~~,99188b21,1,FFFFFF
5067.49,2016-01-26 11:21:43,他是真的疼了,99188b21,1,FFFFFF
5072.68,2015-12-19 07:43:29,妹子太可爱了,3a97bb43,1,FFFFFF
5073.11,2016-02-01 10:01:24,Jane is so cute,79232a90,1,FFFFFF
5074.34,2015-12-21 08:08:17,好萌好萌～好稀饭～,2fbbc8a7,1,FFFFFF
5074.99,2015-12-12 09:10:47,逗逼太可爱啦,cb813391,1,FFFFFF
5074.99,2015-12-14 08:33:32,这男主运气真是不错,ac4fa32c,1,FFFFFF
5075.17,2015-12-14 00:57:08,简这个性我挺喜欢的,8d26b9db,1,FFFFFF
5075.2,2016-01-03 04:30:40,妹纸好可爱加1⃣️,4e689b30,1,FFFFFF
5079.64,2015-12-13 04:20:27,可爱迷人,D6a18c1d,1,FFFFFF
5085.23,2015-12-19 08:30:08,哭了,44993008,1,FFFFFF
5085.55,2015-12-13 02:25:04,好喜欢这姑娘,d382144a,1,FFFFFF
5087.64,2015-12-26 12:36:30,好萌,22cb03e4,1,FFFFFF
5091.16,2016-01-27 08:26:09,我靠这口哨吹的，我也想吹成这样,dfa0efcf,1,FFFFFF
5093.34,2015-12-12 13:36:23,简很可爱啊,6d62e863,1,FFFFFF
5102.34,2016-01-02 01:22:43,口哨碉堡,89de5784,1,FFFFFF
5103.27,2015-12-12 18:56:49,在一起,7bd15fea,1,FFFFFF
5113.83,2015-12-12 04:26:17,这女孩不错,D1f08377,1,FFFFFF
5117.1,2015-12-13 14:57:50,16 位同伴你好,D5af68e8,1,FFFFFF
5122.13,2015-12-13 04:21:15,卧槽 狗血剧情,D6a18c1d,1,FFFFFF
5123.73,2015-12-15 06:16:40,畅销小说可以给男主百万,d5eea845,1,1300D3
5125.65,2015-12-21 08:09:23,呃～,2fbbc8a7,1,FFFFFF
5125.88,2015-12-15 06:16:49,美刀,d5eea845,1,1300D3
5127.95,2016-01-26 11:22:54,爱情的墓志铭,99188b21,1,FFFFFF
5128.4,2016-01-12 02:13:32,各种各种狗血，全方位立体狗血啊,81267375,1,FFFFFF
5144.5,2015-12-14 02:29:15,不买一本支持下?,37f74db5,1,FFFFFF
5147.93,2015-12-13 09:30:19,赛文 耶斯 雷特,c837bcf9,4,FFFFFF
5151.02,2015-12-21 06:27:05,一个优雅 一个可爱,3a2bf569,1,FFFFFF
5172.81,2015-12-13 05:42:01,总归有一点是好的，他们是相爱着分开的,4816482f,1,FFFFFF
5175.59,2016-01-03 09:48:29,这故事告诉我们有钱才是赢家，没钱光才华穿破鞋,43e9d885,1,FFFFFF
5187.99,2016-01-03 11:07:43,这么好的破鞋 二手普拉达也比地毯上的好 你说是吗,32785806,1,FFFFFF
5197.4,2016-01-12 02:15:08,旁白比剧情精彩，更发人深思,81267375,1,FFFFFF
5200.34,2016-01-30 12:36:35,电影拍的真的不错,f3b2d2c4,1,FFFFFF
5224.35,2015-12-22 23:03:24,你这么想就对了,e05befa1,1,FFFFFF
5233.32,2015-12-18 08:54:17,智慧的女主！,c14ecf1a,1,FFFFFF
5233.85,2016-01-26 11:24:53,嘘~~不要说,99188b21,1,FFFFFF
5246.51,2015-12-12 07:57:56,老婆好美！,D5cafaf1,1,FFFFFF
5249.35,2016-01-20 01:18:16,这女的漂亮,D8a53b6a,1,FFFFFF
5250.35,2015-12-13 11:19:10,不是一个人吧，那个小三好友嘴不是这样的呀,13853397,1,FFFFFF
5256.36,2015-12-14 22:05:34,这不是简 简有自己的人生啊 为什么非要把简绑在男主身上,37f285e1,1,FFFFFF
5257.95,2015-12-12 18:59:22,约翰尼德普,7bd15fea,1,FFFFFF
5263.7,2015-12-13 10:42:36,瞎了,997a5a5f,1,FFFFFF
5279.27,2016-01-23 07:53:21,意思他老婆是简吗？,be38ffb8,1,FFFFFF
5303.7,2015-12-27 08:33:19,男猪的发际线堪忧呀,0de255f5,1,FFFFFF
5304.36,2015-12-19 08:34:01,男主怎么好像谢顶了。。,44993008,1,FFFFFF
5304.83,2015-12-22 23:04:59,这头发…,e05befa1,1,FFFFFF
5307.16,2016-01-03 11:10:11,真的我还在想发际线呢 果断有弹幕吐槽了,32785806,1,FFFFFF
5311.18,2015-12-12 13:39:58,这发型,6d62e863,1,FFFFFF
5311.84,2015-12-30 10:47:32,发际线是真的不能忍,2c577e6a,1,CB8BF7
5315.13,2015-12-13 15:01:08,发型。。。,D5af68e8,1,FFFFFF
5340.29,2015-12-11 19:32:24,多和谐啊！,D8b78c9a,1,FFFFFF
5341.37,2015-12-12 19:00:47,老公太帅,7bd15fea,1,FFFFFF
5360.91,2015-12-19 07:48:21,发际线堪忧,3a97bb43,1,FFFFFF
5361.91,2015-12-12 19:01:08,rules，rules！,7bd15fea,1,FFFFFF
5369.77,2015-12-18 08:56:52,女主老公好帅啊啊啊啊啊,c14ecf1a,1,FFFFFF
5390.51,2016-01-24 05:16:02,Kan,D4cc6a2f,1,FFFFFF
5402.34,2015-12-12 09:11:02,此刻，告诉我三观是啥？,28bb7dc0,1,FFFFFF
5402.35,2015-12-16 13:44:31,oh god 泪点,159bd3ce,5,E5AC0E
5403.2,2015-12-14 00:50:15,我，好像不知道说啥了。,bab57521,1,FFFFFF
5406.59,2016-02-01 10:07:10,爱过,79232a90,1,FFFFFF
5406.81,2015-12-18 08:57:42,什么意思？！！！看不懂了,c14ecf1a,1,FFFFFF
5406.94,2015-12-30 10:49:12,这里是真的泪目了,2c577e6a,1,CB8BF7
5407.64,2015-12-22 01:01:48,这不是说即使相爱的人也可以不在一起,9b045239,1,FFFFFF
5408.76,2015-12-14 01:03:34,想哭，咋办,8d26b9db,1,FFFFFF
5408.86,2015-12-13 02:30:50,已经随风散在空中了,d382144a,1,FFFFFF
5408.94,2015-12-14 22:08:27,三观是什么 能吃吗？,37f285e1,1,FFFFFF
5410.21,2016-01-26 11:28:45,无话可说，除了感动,99188b21,1,FFFFFF
5410.46,2015-12-21 09:12:27,我能说我感动的想哭吗,07426938,1,FFFFFF
5412.17,2015-12-17 01:04:56,……,ca3e7d20,1,FFFFFF
5414.48,2015-12-16 06:39:10,这是什么意思,Dcebfac8,1,FFFFFF
5414.94,2015-12-13 04:37:22,精神结婚。。,6dfd0a1d,1,FFFFFF
5415.33,2015-12-13 10:25:20,为什么突然我觉得无比和谐！,c5e074ef,1,FFFFFF
5417.51,2015-12-13 09:35:07,三观尽毁 节操满格,c837bcf9,4,FFFFFF
5418.41,2016-01-03 09:53:22,这就又勾搭上了，来一发意思,43e9d885,1,FFFFFF
5418.45,2015-12-12 09:11:27,神交,28bb7dc0,1,FFFFFF
5419.34,2015-12-13 13:09:21,Love knows no boundaries,897bdebc,1,1300D3
5420.53,2016-01-04 11:58:33,这,449e81cc,1,FFFFFF
5421.15,2015-12-13 05:46:12,三观是爱是克制,1a5c020e,1,FFFFFF
5424.46,2015-12-12 22:48:22,神交的给我站住！！,716e3a56,1,FFFFFF
5426.69,2015-12-30 10:49:27,永远在心里有一个位置,2c577e6a,1,CB8BF7
5429.33,2015-12-20 10:19:51,没有bushan,00e16654,1,FFFFFF
5429.73,2015-12-17 23:42:31,生活和爱情不应该被常识捆绑在一起,c23ddfd7,1,FFFFFF
5432.7,2015-12-16 06:39:27,爱是克制,Dcebfac8,1,FFFFFF
5435.73,2016-01-10 12:18:18,BGM！！！！,e1fe5189,1,FFFFFF
5436.26,2015-12-14 11:42:50,我们不能在一起，但这不代表我不爱你,3415f0e5,1,FFFFFF
5436.97,2015-12-15 08:05:56,看到这里，我突然明白它再讲什么了。,b461e32a,1,FFFFFF
5439.68,2015-12-26 04:39:03,爱是克制,6ba340cc,1,1300D3
5440.47,2016-01-05 01:24:21,最残酷的诅咒是有缘无分,1e680ebe,1,FFFFFF
5440.75,2015-12-12 17:43:16,快告诉我，是要干什么？这样的爱情算是完美的？,602ad2e7,1,FFFFFF
5441.88,2016-01-09 01:48:44,没在对的时间遇到自己最爱的人,b313ce56,1,FFFFFF
5442.27,2015-12-30 10:49:47,不过老婆是真的美,2c577e6a,1,CB8BF7
5445.46,2016-01-12 02:19:37,BGM是最佳亮点，加鸡腿！,81267375,1,FFFFFF
5450.77,2015-12-13 05:46:41,到底怎样对待爱情次啊是对的,1a5c020e,1,FFFFFF
5459.02,2016-01-09 01:49:01,有时爱情就是这样,b313ce56,1,FFFFFF
5460.64,2015-12-13 00:43:25,结局就是完美的,740f7dcc,1,FFFFFF
5466.82,2015-12-13 23:18:22,片尾彩蛋高能别走开！,0499afe2,5,1300D3
5468.88,2015-12-13 04:38:16,其实如果女主是后来才结婚的，我可以认定是完美爱情,6dfd0a1d,1,FFFFFF
5471.73,2016-01-26 11:32:08,无论怎样都因爱你,99188b21,1,FFFFFF
5475.3,2016-01-09 01:49:18,最爱的留在心里,b313ce56,1,FFFFFF
5480.14,2015-12-13 10:26:40,如果女主后来结婚的，那就,c5e074ef,1,FFFFFF
5482.24,2015-12-16 11:38:11,爱你,41670fd1,1,FFFFFF
5482.33,2016-01-22 10:42:58,居然看哭了,D659ed0a,1,FFFFFF
5482.62,2015-12-11 07:51:56,好好看！,689b0ff1,1,FFFFFF
5482.64,2015-12-12 11:04:42,这又哭又笑的表情真棒,3c396dc6,1,FFFFFF
5485.27,2015-12-11 06:45:32,赞！,Dfbd1af2,1,FFFFFF
5485.38,2015-12-30 10:50:25,如果彩蛋是骗我的，我能举报红字吗,2c577e6a,1,CB8BF7
5486.71,2015-12-13 07:52:37,好看，不完美的现实，完美的爱情，算是现实中的完美主义了,cdd5562b,1,FFFFFF
5488.67,2016-01-26 11:32:40,此处应该有掌声~,99188b21,1,FFFFFF
5488.82,2015-12-19 21:07:15,拍的很好,dab56b29,1,FFFFFF
5491.16,2015-12-13 10:33:50,太好看了,e84e5c08,1,FFFFFF
5493.51,2015-12-27 15:17:19,看完了 不管你信不信   我相信这是完美爱情！,5f37e5b0,1,FFFFFF
5493.86,2015-12-11 15:33:59,电影就是电影，现实中女主角的老公会有这么好说话～～？,63ae911a,1,FFFFFF
5494.57,2015-12-14 22:10:51,卧槽跪了 好片。,37f285e1,1,FFFFFF
5494.83,2015-12-16 11:26:26,哭鸟,628f7aa8,1,FFFFFF
5497.06,2015-12-20 10:23:03,宴席散了,00e16654,1,FFFFFF
5498.01,2015-12-14 22:24:01,蛮不错的电影,D978cc99,1,FFFFFF
5498.13,2015-12-16 06:48:22,彩蛋在97分钟处,4af8d59a,1,FFFFFF
5500.6,2015-12-12 10:04:00,恩  好好看,9e00453e,1,FFFFFF
5502.54,2015-12-13 05:47:33,如何判断自己遇到的是否是爱情呢,1a5c020e,1,FFFFFF
5508.41,2016-01-26 11:33:20,爱情来的时候你会知道的,99188b21,1,FFFFFF
5508.61,2015-12-14 22:11:15,前面的 当你遇到了 自然就判断出来了 ,37f285e1,1,FFFFFF
5510.02,2015-12-12 10:04:19,很感人    ,9e00453e,1,FFFFFF
5515.08,2015-12-11 10:35:30,最近喜欢上这种平淡的片子了  感觉不错,2647c2b0,1,FFFFFF
5519.36,2015-12-14 22:11:48,前面的等等我 最近很喜欢这种安安静静归于平淡的片,37f285e1,1,FFFFFF
5520.64,2015-12-25 08:39:05,美,6f889d0f,1,FFFFFF
5522.76,2015-12-11 11:58:01,很不错的片子。感谢UP主的分享！,3531b260,1,FFFFFF
5524.67,2015-12-13 05:47:55,现实是无法总像男主那样得到验证,1a5c020e,1,FFFFFF
5539.36,2016-01-01 02:47:43,好电影,Df676c7a,1,FFFFFF
5540.73,2015-12-12 10:04:50,让人想起很多   ,9e00453e,1,FFFFFF
5543.43,2016-01-20 01:31:02,生活与爱情的抉择,4bf90fbd,1,FFFFFF
5543.51,2016-01-22 10:43:56,爱在心中,D659ed0a,1,FFFFFF
5545.0,2015-12-14 22:12:22,让人想起很多,37f285e1,1,FFFFFF
5547.26,2015-12-16 11:27:29,爱是克制,628f7aa8,1,FFFFFF
5549.03,2015-12-16 06:47:29,彩蛋在97分钟处,4af8d59a,1,FFFFFF
5549.52,2015-12-21 06:33:43,好棒的片子,3a2bf569,1,FFFFFF
5564.78,2015-12-18 22:15:17,彩蛋嘻嘻,Dc1591b1,1,FFFFFF
5569.23,2015-12-12 10:05:18,回忆最是美好的  ,9e00453e,1,FFFFFF
5570.98,2016-01-26 11:34:25,好电影是一份心灵的旅途,99188b21,1,FFFFFF
5573.68,2016-01-01 00:36:49,moved,Da44c078,1,FFFFFF
5577.09,2015-12-13 04:45:09,哈哈哈哈哈哈看完这个好无语ORZ,9db32ce0,1,FFFFFF
5578.2,2015-12-14 22:13:10,回忆总是美好的,37f285e1,1,FFFFFF
5589.15,2016-01-01 00:37:05,浪漫,Da44c078,1,FFFFFF
5593.39,2015-12-14 22:13:54,有时真的 不在一起 比在一起要更温柔,37f285e1,1,FFFFFF
5597.33,2016-01-05 16:13:17,爱从来都是锦上添花,5f603812,1,FFFFFF
5605.03,2016-01-30 09:13:50,远香近臭,D6d09f52,1,FFFFFF
5626.54,2016-01-26 11:35:20,爱情是上天最美好的恩赐,99188b21,1,FFFFFF
5709.8,2015-12-14 01:06:54,说好的彩蛋呢,8d26b9db,1,FFFFFF
5739.4,2016-01-12 12:45:17,太好看了！,D39cb212,1,FFFFFF
5778.37,2015-12-14 04:40:29,没有彩蛋,269e0dae,1,FFFFFF
5780.71,2015-12-14 01:07:24,人与人之间的信任呢,8d26b9db,1,FFFFFF
5786.37,2016-01-03 11:15:43,有,32785806,1,FFFFFF
5796.12,2015-12-14 04:40:57,大屁眼子,269e0dae,1,FFFFFF
5804.97,2015-12-16 11:39:24,嗯 爱你,41670fd1,1,FFFFFF
5819.18,2015-12-16 13:53:06,love letter-movie?,159bd3ce,5,E5AC0E
5821.4,2015-12-14 04:41:29,我就知道不会这样结束,7aa2373c,1,FFFFFF
