0.0,2016-01-03 12:19:54,yyy,3046596,16777215
0.0,2015-12-29 04:44:56,好卡啊,2960315,16777215
0.0,2015-09-04 04:58:52,(|||ﾟдﾟ),1922485,16777215
3.0,2015-11-03 19:33:43,哪位大神能否告诉我怎么缓存啊,2403180,16463928
11.0,2015-12-23 05:20:15,右上角。。。。。,2836920,16777215
11.685,2015-11-01 03:55:55,第四遍看了。。。,2386231,16777215
13.88,2015-07-10 03:07:27,观看178评论4在线74弹幕1香蕉0,967942,16777215
13.983,2016-01-23 22:05:36,怎么只有流畅,1402879,13434675
14.539,2015-07-10 04:15:30,第一,678261,16777215
16.0,2015-08-05 13:07:20,正在看,1622306,16777215
17.407,2015-07-10 08:13:33,竟然没人看,1501859,16777215
18.082,2016-01-16 01:10:14,只有流畅版啊~~~~,1673324,16777215
20.387,2015-12-23 12:29:45,8只海盗在线,1510749,16777215
21.399,2015-09-11 10:13:04,来看德普归来 1到3根本停不下来,854887,16750848
22.529,2015-08-23 22:19:17,拯救船长杰克,1562156,16777215
22.681,2015-11-23 07:58:53,2015年11月23日20:58 另外18个小伙伴你们好,1758662,16777215
24.794,2015-12-08 04:25:13,为啥只有用流畅可以看,1830545,16777215
25.387,2015-08-21 07:37:50,好可怜的弹幕数量,776225,16777215
26.052,2015-08-01 10:35:08,报道,1633036,16777215
26.784,2015-07-13 06:57:09,实在不想看弹幕,1007674,65280
27.092,2016-01-28 15:25:03,2016.1.29.04:24,3332077,16777215
30.0,2015-08-05 13:07:38,。。。。,1622306,16777215
30.18,2015-12-23 14:55:48,画质怎么了,2318680,16777215
32.367,2015-09-09 04:47:13,后排留名,1989015,16777215
32.43,2016-01-10 10:49:16,为什么缓存不了？,3123437,16777215
33.0,2015-08-05 13:07:57,这是实时的吗,1622306,16777215
35.0719985962,2015-12-03 05:20:36,为啥3只有标清,2704166,16777215
35.093,2015-08-04 11:06:18,UP赞一个,1032188,16777215
35.438,2015-08-02 05:58:37,20150802今天还有这么多人,1382263,16777215
36.07,2016-01-30 18:29:12,2016.1.31,3349611,16777215
37.954,2015-08-24 05:46:07,在线15 打卡,1745842,16777215
38.369,2015-07-28 22:23:24,2015.7.29,1559901,16777215
38.862,2015-12-29 01:07:56,2015.12.29,2979835,16777215
39.114,2015-09-26 11:08:38,看过5遍的举个爪,2077434,16777215
44.222,2015-08-29 02:44:00,刚重温完第二部 2015.8/29  打卡,1836723,16777215
44.342,2015-12-28 04:02:05,为什么只有流畅,2920761,16777215
46.083,2015-08-24 05:16:42,2015.8.24    17：13  ，有人吗,1811075,16777215
46.36,2015-08-08 08:08:50,2015年8月8日20:08:46,1165316,16711680
48.414,2015-08-08 10:01:37,20150808,1117906,16777215
51.342,2015-08-18 01:46:59,球队又,1750457,16777215
51.518,2015-07-10 07:47:29,还没看就给焦。。。你这焦太不值钱了,1519572,16777215
51.572,2016-01-01 09:46:57,2016元旦快乐,2803080,16777215
51.834,2015-07-26 08:49:13,在线14523弹幕13,1494320,16777215
52.433,2016-01-06 04:36:29,2016年1月6日 17:34:59 另外20个朋友下午好,1573955,16724889
55.52,2016-01-10 10:49:39,20160110,3123437,16777215
57.074,2015-12-11 17:42:13,为什么只有流畅...................,411522,16776960
58.867,2015-07-11 11:29:44,(´ﾟДﾟ`),1531501,16777215
59.924,2015-07-19 12:11:02,2015.7.20  00;10,1403279,16777215
61.076,2015-07-10 07:23:18,6666666666666666666666,1408670,16777215
61.686,2015-11-01 03:56:45,1101,2386231,16777215
62.468,2015-12-23 12:30:27,151224平安夜凌晨,1510749,16777215
66.526,2015-08-09 08:08:23,20150809,1223624,16777215
68.14,2015-11-28 06:15:17,为什么没有高清,1756137,65280
72.471,2015-07-28 22:28:24,怎么老是这种开头,1559901,16777215
75.653,2015-08-29 08:49:13,8-29晚上8点半，在线200我没看错？,727711,16777215
80.278,2015-08-02 06:27:53,在线105 弹幕260 香蕉84,1119721,16724838
80.296,2015-11-23 07:59:51,画质不太好,1758662,16777215
80.8290023804,2015-09-10 06:27:52,这一片归我了，2510，9，10打卡,1046716,16777215
81.99,2015-08-25 11:07:25,2015 08 25，在线的18个好啊,1657190,16777215
89.4189987183,2015-09-10 06:28:43,2015910打卡，,1046716,16777215
97.28,2015-11-28 10:08:51,10个贝克特，你们好,2630763,16777215
100.216003418,2015-08-29 22:44:06,(´ﾟДﾟ`),1854751,16777215
104.76,2015-07-10 04:17:25,jiek ,899912,16777215
107.373,2015-09-26 11:09:46,听说国语开头剪掉了,2077434,16777215
107.63,2015-07-11 12:19:32,在线60人？,87164,16777215
122.39,2015-07-26 01:18:19,谁点的大份爆米花和可乐？一共20！,1559666,16777215
125.463,2015-07-10 04:17:45,杰克,899912,16777215
143.259,2015-07-10 04:18:03,来一发,899912,16777215
153.044,2016-01-01 07:49:21,呦吼,1777602,16777215
155.686,2015-12-03 14:01:55,只有流暢？畫面好蒙查查啊囧,11338,16777215
162.207,2015-09-02 00:33:42,这么小的孩子都不放过,1764610,16777215
163.426,2015-08-15 11:58:12,刺客呢,170744,16777215
169.478,2015-11-10 22:52:40,香烟，零食，饮料，有需要的吗？,2311710,16777215
171.475,2015-09-11 10:16:18,放过正太,854887,16750848
174.121994019,2015-09-25 04:56:00,放过正太,2068490,16777215
180.788,2015-08-30 23:56:05,刺客马上来,1864567,16777215
195.848,2015-11-26 23:53:25,我要女人有吗,1708356,13369344
200.173,2015-11-24 03:20:12,卖零食的站住，我要辣条,2586906,16777215
201.470993042,2015-09-25 04:56:30,刺客呢,2068490,16777215
203.518997192,2015-09-25 04:56:34,放过正太,2068490,16777215
207.507,2015-12-29 01:15:15,来包卫龙,2979835,16777215
208.288,2016-01-29 00:53:13,来只鸡( ﾟ∀ﾟ),3334844,16777215
213.068,2015-11-26 23:53:46,我也要,1708356,13369344
217.4,2015-12-28 02:37:56,大份爆米花加五根香蕉送给UP！！！！！！,1401270,16777215
226.635,2015-07-28 22:30:58,好好听...,1559901,16777215
227.113006592,2015-10-24 08:31:28,有种悲惨世界的感觉……,2224602,16777215
239.704,2016-01-04 05:05:31,因为都是维多利亚时期,2724551,16777215
242.262,2015-08-02 06:30:29,好听啊,1119721,16724838
244.979003906,2015-09-19 04:18:14,我以为误进了音乐剧哈哈,2066910,16777215
248.152,2015-09-26 11:12:07,丧心病狂，世风日下,2077434,16777215
248.855,2015-12-29 01:15:57,哦豁 不受控制了,2979835,10040064
250.316,2015-07-11 11:32:56,哟吼吼吼吼,1531501,16777215
252.933,2016-02-01 10:49:44,这个是可爱的蓝孩子,3077382,16777215
260.369,2015-09-04 18:35:23,呜呜,589571,16777215
263.68,2015-12-29 01:16:12,开始了,2979835,10027059
284.289,2016-01-03 04:44:29,2016年1月3日17:41:18,850483,16777215
295.006,2015-09-11 10:18:22,杰克不在了海盗过的好惨,854887,16750848
305.271,2015-12-29 01:16:54,在线的25个小伙伴 怎么不支声,2979835,10027008
307.677,2016-01-20 04:33:14,16.1.20,3160038,16777215
307.715,2016-01-24 09:37:54,2016.1.24,1832395,16777215
317.132,2015-09-26 11:13:16,岂止是惨,2077434,16777215
319.681,2015-08-30 23:58:24,杰克死了吗,1864567,16777215
320.724,2015-08-29 07:51:15,老吴,1851001,16777215
322.285,2015-12-10 07:29:39,牙齿白的女性就是女主,2302098,16777215
323.879,2016-01-23 09:04:19,刚刚看完2，现在来kan3,3252953,16777215
335.464,2015-10-26 16:39:46,能看我我说话的 发个6,2334483,16777215
340.22,2016-01-23 09:04:52,6,3252953,16777215
347.047,2015-12-29 01:17:36,6,2979835,10027008
355.421,2015-07-10 03:15:07,宋小宝？？？？？,1341290,16777215
357.908,2015-08-02 06:04:00,大家怎么都不说话,1382263,16777215
363.329,2015-07-11 00:38:08,这不是越狱那比,1010919,16777215
363.619,2015-09-26 11:14:02,23333,2077434,16777215
364.638,2015-07-10 13:21:41,老吴,1067275,16777215
364.796,2015-08-05 07:25:42,哈哈,1014703,13421772
368.757,2015-08-29 07:52:05,哈哈哈  格林,1851001,16777215
368.916,2015-08-05 07:25:46,宋小宝,1014703,13421772
369.358,2015-08-02 06:32:55,真是格林的那个老吴？！0.0,1119721,16724838
374.842,2015-08-22 11:08:56,每次看这船长都觉得像海绵宝宝里的海盗,1748624,16777215
374.886,2015-12-29 01:18:03,弹屏好少 寂寞,2979835,10027008
377.98,2015-08-23 22:34:00,来，大家谈谈人生,1784620,16777215
382.0,2015-12-23 19:33:43,女的还真成海盗啦,2878239,16777215
382.859,2015-08-20 10:38:20,是吴警官 格林的,1610417,16777215
388.609,2015-11-24 03:23:20,宋小宝也是逗，这是演越狱的那个,2586906,16777215
389.499,2015-07-14 06:11:49,电脑那边的朋友，让我看到你们的双手~（+-+）~,1464457,16777215
395.12,2016-01-04 05:08:06,我靠 吴警官 你怎么跑这里来了,2724551,16777215
395.169,2015-08-29 07:52:36,手,1851001,16777215
397.599,2015-08-05 07:26:23,(ﾟДﾟ≡ﾟДﾟ)?!,1014703,13421772
399.432,2015-07-17 10:37:08,这不是老行和大周么,1504203,16777215
400.145,2015-08-23 22:34:22,此处应有掌声,1784620,16777215
401.174987793,2015-08-29 10:45:43,are you ready!!hoooooo!!!!!,1849043,16777215
401.864,2015-08-01 03:24:38,yeah！,1666337,16777215
403.109,2016-01-31 10:00:10,在线的41的海盗你们好,3363242,16777215
403.243,2015-11-02 00:38:48,双手,222151,16777215
403.914,2015-08-19 07:25:40,啪啪啪啪啪啪啪,1423471,16777215
405.771,2015-12-29 01:18:34,hhand,2979835,10027008
407.955,2016-01-28 15:31:45,(ง •̀_•́)ง,3332077,16777215
408.778,2015-12-29 00:11:18,好卡⊙﹏⊙,2960315,10079232
412.62,2015-07-28 10:18:20,👋ou,1535937,16777215
414.684,2015-08-09 08:14:15,2333333,1223624,16777215
415.307,2015-08-23 22:34:38,eveey,1784620,16777215
420.07,2015-12-29 00:12:01,好喜歡(ฅ>ω<*ฅ),2960315,16777215
420.268,2015-08-05 07:26:51,好基友上线！,1014703,13421772
420.397,2015-08-27 07:18:05,👏,1689926,16777215
421.55,2015-08-29 07:53:06,龟仙人,1851001,16777215
422.393,2015-08-20 00:31:01,发哥 这部很出彩,1707240,16777215
424.866,2015-08-29 07:53:09,进化,1851001,16777215
425.467,2015-08-02 06:05:14,左手右手一个慢动作,1382263,16777215
427.165,2015-10-24 04:23:39,手=-=,2313069,65280
427.231,2015-08-30 01:02:03,我就看看,1835103,16777215
428.306,2015-12-29 01:18:57,这些人噢,2979835,10027008
433.431,2016-02-01 10:52:54,光头笑了,3077382,16777215
437.376,2015-08-20 04:25:27,everybody 跟我一起highhighhigh,1775894,16777215
441.487,2015-09-20 05:55:43,我爱朱西,1567387,16777215
445.801,2015-08-29 07:55:04,GD  COUP Data  灵感~,1851001,16777215
446.636,2015-08-23 22:35:09,黑喂狗,1784620,16777215
452.227,2015-08-23 22:35:14,卡忙,1784620,16777215
453.634,2015-12-29 01:19:22,巫女,2979835,10027008
455.81,2015-09-26 11:15:34,杰克,2077434,16777215
479.201,2015-12-24 13:49:41,poi,426135,15932403
480.077,2015-08-20 00:31:58,突然发现那个小猴跟那只鹦鹉也有主角光环,1707240,16777215
480.917,2015-08-15 22:36:53,发哥,1097395,16777215
483.531,2015-07-13 21:28:07,poi,535162,16777215
484.052,2016-01-07 11:15:35,poi别走...hhhhh,1225045,16777215
484.153,2015-07-12 01:05:01,POI一下门就开了。。,578531,16777215
485.639,2015-12-29 01:20:54,poihhhhh,2979835,10027008
485.798,2015-09-11 10:21:46,卧槽看到第三部了才发现可以选原画！！！！！日了哈士奇了,854887,16750848
487.263,2016-02-01 10:53:51,poi,3077382,16777215
492.815,2015-08-02 02:01:15,听着就像说你自己。。,1256726,16777215
493.255,2015-10-07 08:55:26,哈士奇：怪我咯，我也是日了喵星人了。,1956324,16711680
495.122,2015-07-14 06:44:30, POI2333333,687991,16777215
496.556,2015-08-23 22:35:59,poi,1784620,16777215
496.791,2016-01-23 01:52:55,喵星人招谁惹谁了(つд⊂),3127130,16763955
497.197,2016-01-23 09:54:18,2333,3252953,16777215
497.790008545,2015-10-19 01:40:55,poi？,1107891,16777215
503.293,2015-08-29 07:56:01,原来poi是这么用的,1851001,16777215
506.808013916,2015-11-03 08:07:49,poi,2397080,16777215
509.15,2015-11-30 09:32:12,这是粤语  开 啊，什么poi,952800,16777215
509.15,2015-11-30 09:31:50,粤语 开啊，什么poi,952800,16777215
509.411,2015-09-26 11:16:28,小猴就叫杰克,2077434,16777215
510.254,2015-12-08 23:13:23,只有流畅不嗨心！,1380120,16777215
516.673,2015-08-08 08:14:15,逼里有枪？,1165316,16711680
526.092,2015-08-23 22:36:28,我一直想问他们的牙难受吗,1784620,16777215
527.127,2015-08-08 06:54:31,感觉这帮人像中国人,1212631,16777215
528.087,2015-11-28 10:16:02,那是粤语的‘开’吧....,2630763,16777215
532.647,2015-08-23 22:28:38,新加坡,1562156,16777215
532.943,2016-01-24 12:35:27,他们就是中国人,2132385,16777215
536.31,2015-07-26 09:03:08,🇨🇳,1611086,16777215
537.121,2016-01-31 08:17:43,中國的海盜王,2864154,16463928
538.747,2016-01-23 09:54:59,刚刚跑的有点快，我跳慢点,3252953,16777215
539.047,2015-08-05 07:30:18,女主穿的是汉服吗,1014703,13421772
539.047,2015-08-05 07:30:11,这是中国人？,1014703,13421772
540.077,2015-08-29 07:56:37,(つд⊂),1851001,16777215
544.384,2016-01-01 07:56:13,这动作有船长神韵,1777602,16777215
546.369995117,2015-08-29 10:50:13,等等！！尼玛这是中国人！！,1849043,16777215
547.253,2015-08-23 22:36:49,尼玛 还有炸弹,1784620,16777215
548.128,2015-09-26 11:17:07,QAQ,2077434,16777215
548.574,2015-07-13 21:29:23,她跟杰克的动作好像,535162,16777215
550.043,2015-11-01 20:14:45,卧槽！！裤裆掏雷啊！！！！！,2382532,16777215
554.332,2015-07-10 05:58:13,......,1191079,16777215
554.337,2015-08-13 08:01:08,23333,1686887,16777215
558.648,2015-07-13 07:02:34,卧槽  好大条,1007674,65280
558.726,2015-12-29 00:15:20,這是在學傑克船長麼(๑•ั็ω•็ั๑),2960315,1498332
560.673,2015-08-23 22:37:07,是银妹吗,1784620,16777215
562.063,2015-08-02 02:31:15,裤裆藏雷！！,1062645,16777215
563.275,2016-01-23 09:55:24,（请自行脑补北京欢迎你的音调）我家网络不行了，影片一直加载。 就算流畅又能怎样，还是一直加载。加载卡顿都是朋友绝不会留情。画质流畅加刷新，只为坑你爹。,3252953,16777215
565.998,2015-09-18 06:02:50,这是放在什么地方,1364861,16777215
566.694,2015-12-29 00:15:50,脫……,2960315,16463928
567.299,2015-09-11 08:03:03,这跟杰克的动作,1811990,16777215
572.588,2015-08-13 08:01:27,被船长带坏了,1686887,16777215
575.203979492,2015-08-29 10:51:06,......,1849043,16777215
584.13,2015-08-23 22:37:30,银妹！再爽一次！,1784620,16777215
587.826,2016-01-23 09:55:49,好吧还是不行，我放弃,3252953,16777215
597.317,2016-02-02 09:38:20,到底脱了吗,829934,16777215
598.65,2015-09-11 10:23:41,我算理解百度说的变成海盗王是什么意思了  伊丽莎白确实厉害,854887,16750848
601.654,2015-08-30 01:06:41,您的好友发哥以上线,1835103,16777215
602.968017578,2015-08-30 04:09:09,再爽一次的你够了,1530147,16777215
604.032,2015-12-29 01:23:43,发哥留影！,2979835,10027008
604.089,2015-08-23 22:37:50,发哥,1784620,16777215
604.913,2015-08-20 00:34:03,发哥,1707240,16777215
605.374,2015-08-29 07:57:43,发个,1851001,16777215
605.936,2015-07-17 10:40:35,男澡堂子,1504203,16777215
606.112,2015-07-11 09:06:09,周润发！！！！,1233531,16777215
607.682,2015-11-06 08:52:08,发哥！！！！！,2410803,3355647
608.436,2015-07-13 21:30:28,发哥,535162,16777215
610.289,2015-08-15 12:11:28,发哥！|,170744,16777215
610.293,2015-07-28 22:37:41,卧槽！！周润发,1559901,16777215
610.868,2015-07-28 10:21:53,大哥,1535937,16777215
612.094,2015-08-13 08:02:06,2333,1686887,16777215
614.242,2015-08-02 06:37:42,卧槽？！,1119721,16724838
614.343,2016-01-15 10:55:53,我曹，发哥,1115880,16777215
614.637,2015-08-01 03:28:33,您的好友发哥已上线,1666337,16777215
615.102,2015-08-09 08:17:36,天师,1223624,16777215
617.659,2015-08-20 04:28:27,为发哥来一发。,1775894,16777215
618.496,2015-08-13 03:15:56,发哥上线,1734056,3381657
622.514,2015-11-21 03:49:43,玡多滴蒸汽啊,1138938,16711680
633.159,2015-09-04 18:36:22,粤语哦,589571,16777215
634.293,2015-08-05 07:36:40,粤语？,1014703,13421772
634.484985352,2015-08-29 10:56:40,粤语吊了,1849043,16777215
635.156,2015-08-22 00:27:15, 广东话,648280,16777215
636.87,2015-12-08 23:15:30,多d蒸汽啊！,1380120,16777215
639.973,2015-08-23 22:38:26,发哥好幸福，好多小妞,1784620,16777215
646.72,2015-09-26 11:18:45,发哥死得还真惨,2077434,16777215
647.773,2016-01-31 08:19:52,清朝那個時候的,2864154,16463928
651.687,2015-07-17 10:41:20,为什么不给女主脱光光的镜头呢,1504203,16777215
654.519,2015-07-13 21:31:28,锅炉工好大块头,535162,16777215
655.158,2015-08-29 07:58:32,哈哈哈  千与千寻既视感,1851001,16777215
662.404,2015-07-10 08:41:36,发哥,899912,16777215
675.59,2015-08-23 22:39:02,指甲！！！,1784620,16777215
683.669,2015-07-26 09:05:41,周润发怎么变新加坡了,1611086,16777215
688.821,2015-12-29 00:19:24,彈幕好少啊( •̀∀•́ ),2960315,16777215
699.354,2015-09-04 18:37:28,竹简,589571,16777215
702.017,2016-01-31 08:21:01,南洋附屬國,2864154,16463928
711.507,2016-01-25 11:56:48,新世界...,2485530,16777215
712.314,2016-01-28 10:24:13,国内那么大的腕儿，在这个片子只能当配角,3304218,16777215
714.006,2015-08-24 05:27:50,这是发哥自己的声音还是配音？口型很对啊,1811075,16777215
714.658,2016-01-23 10:01:45,缩小观看流畅画质变好了一点，还可以发弹幕,3252953,16777215
725.648,2015-10-21 05:11:30,自己的声音,1642209,16777215
728.292,2015-09-26 11:20:07,是的话就碉堡了,2077434,16777215
728.795,2015-08-23 22:39:55,发哥 艹翻女主,1784620,16777215
742.413,2015-09-04 18:38:11,哈哈哈哈哈哈哈 ,589571,16777215
749.125,2015-08-29 08:00:06,男主湿身排队,1851001,16777215
749.878,2015-09-26 11:20:28,23333333,2077434,16777215
751.351,2015-07-22 09:40:41,demo,443398,16777215
758.0,2015-09-09 03:42:08,配的，发哥每次都会先背台词,1975141,16777215
758.718,2015-08-05 07:38:44,清朝小辫子 ,1014703,13421772
765.302,2015-08-05 07:38:51,这是清朝的新加坡吗,1014703,13421772
772.0,2016-01-04 05:43:35,你们在说啥。。。,2573542,3708132
772.484,2015-08-29 08:01:37,汤婆婆的指甲~| ω・´),1851001,16777215
777.756,2015-08-16 00:46:17,明朝,517492,16777215
778.22,2015-08-05 07:39:03,清朝时期的新加坡,1014703,13421772
785.332,2015-08-20 00:37:04,也就发哥的演技能镇得住这么多好莱坞大牌,1707240,16777215
786.694,2015-08-09 10:19:45,大家觉得海贼王路飞会不会参加会议呢,1710598,16777215
786.965,2015-07-13 21:33:50,海贼王大会,535162,16777215
796.802,2015-10-13 04:13:21,四皇？,852017,16777215
808.464,2016-01-25 11:58:26,不是四皇嘛？,2485530,16777215
811.241,2015-07-13 01:27:17,海贼王？,1133293,16777215
811.934,2015-08-09 10:20:10,红发说补丁也会给个面子参加,1710598,16777215
813.838,2016-01-25 11:58:44,怎么9个了？,2485530,16777215
819.788,2015-09-02 05:02:45,为什么感觉我好像看到了周润发,1892457,16777215
820.634,2015-09-11 10:27:37,这是甘道夫的演员么,854887,16750848
829.0,2015-09-07 07:01:24,   是的你没看错,他就是发哥,别特伦舒还纯的发哥,如假包换,1884610,10053222
835.879,2016-01-23 10:00:00,那就是发哥,3252953,16777215
841.036,2015-07-11 04:45:31,6666,1160051,16777215
842.035,2015-07-13 21:34:56,好视角,535162,16777215
844.880981445,2015-08-29 11:00:24,操,1849043,16777215
848.207,2015-07-28 07:50:19,6666666,1556551,16777215
848.539,2015-08-23 22:41:55,什么东西，什么颜色,1784620,16777215
852.553,2015-08-09 10:20:51,海军本部大将表示会密切关注此次大会,1710598,16777215
852.966,2015-08-09 08:21:41,6666,1223624,16777215
857.581,2015-08-24 06:00:31,下面好视觉,1745842,16777215
861.316,2015-07-13 21:35:31,一脸卧槽：你原来好这口,535162,16777215
864.332,2015-08-23 22:42:30,这对CP...,1562156,16777215
866.849,2015-07-17 10:44:56,两颗蛋蛋,1504203,16777215
869.423,2015-09-17 03:35:52,笑尿了,695540,16777215
873.458,2015-08-31 00:19:21,2333333333333333333,1864567,16777215
873.716003418,2015-08-29 11:00:54,人生观都没有了,1849043,16777215
878.55,2015-07-10 10:51:54,被坑了！,1004446,16777215
879.429,2016-01-31 08:24:48,on on 是蒸汽spa,2864154,16463928
883.983,2015-07-17 10:45:13,一条水沟,1504203,16777215
886.989,2015-07-28 07:50:58,我真的很讨厌这个女人,1556551,16777215
887.68,2015-08-23 22:42:34,我要操了你！,1784620,16777215
897.778,2015-07-10 09:30:57,越看斯旺越像瑟曦。。。,1195090,16777215
931.613,2016-01-15 11:01:10,两妹纸笑啥？,1115880,16777215
944.571,2015-08-04 22:09:15,说瑟曦的等等我.我是弑君者,1588870,16777215
958.372,2015-12-26 05:54:20,吓得我看成了草他们,931009,16777215
958.518,2015-08-29 08:04:43,家伙是谁,1851001,16777215
966.933,2015-09-26 11:24:06,操家伙是什么。。,2077434,16777215
969.803,2015-10-31 02:36:38,好多猪队友,563034,16777215
970.019,2015-08-23 22:43:56,刺青融化了,1784620,16777215
976.53,2015-07-15 08:08:49,你们在澡盆子里放兵器啊😂,979803,16777215
980.137,2015-08-09 08:23:50,23333333,1223624,16777215
988.629,2015-09-26 11:24:27,2333333,2077434,16777215
995.026,2015-07-29 07:47:13,洗浴中心扫黄么,1161514,16777215
1002.0,2015-12-10 21:08:56,那个年头警察进门咋不喊别动呢？一点都不正规！,1037381,3708132
1002.432,2015-10-25 04:36:57,前面笑尿！！！！！,1773011,16777215
1009.843,2015-08-05 07:47:11,纹身都热得流汗了 哈哈,1014703,16777215
1011.673,2015-11-24 03:33:43,你的快递,2586906,16777215
1013.179,2015-10-25 04:37:55,你傻吗，说明那不是纹身 是假的， 不是他们的人,1773011,16777215
1013.881,2015-08-20 00:40:52,那个扫黄的你过来 我不打死你,1707240,16777215
1015.032,2015-08-01 03:35:32,洗浴中心的站住,1666337,16777215
1016.069,2015-08-11 03:07:44,这叫傻傻分不清,1606091,16777215
1031.947,2015-08-03 11:43:59,杀！！！,1184261,16711680
1035.535,2015-09-16 09:55:56,我闪。。。,2059165,16777215
1038.45202637,2016-01-09 08:22:16,我擦嘞,3106636,16777215
1038.497,2015-08-09 08:24:51,sha,1223624,16777215
1041.36,2015-10-10 09:04:08,sa！,2208193,16777215
1041.39,2015-08-04 05:48:55,..,1436521,16777215
1042.0,2015-12-11 14:05:32,跑啊，条子来扫黄了,1023517,16777215
1042.586,2015-08-09 10:24:02,海军本部大将洗浴中心扫黄     活捉四皇,1710598,16777215
1042.877,2015-08-24 15:03:23,东莞扫黄打非办公室,752144,16777215
1043.389,2015-07-26 09:13:37,杀,1611086,16777215
1044.512,2015-11-01 20:23:00,杀！！！！！,2382532,16777215
1046.044,2015-08-05 07:47:47,是 上,1014703,16777215
1046.623,2015-09-11 08:11:24,杀！！！！,1811990,16777215
1049.157,2015-08-02 02:10:31,杀。。,1256726,16777215
1050.47302246,2015-08-29 11:05:19,杀！！中国淫！,1849043,16777215
1057.877,2015-08-29 00:14:23,haha,1787039,16777215
1058.559,2016-01-26 11:13:27,233333333333333,3243744,16737792
1060.843,2015-11-01 20:23:16,后坐力真大,2382532,16777215
1061.557,2016-01-15 11:03:48,我曹，这小矮子好身手……,1115880,16777215
1062.394,2015-10-22 07:49:35,明明就是散！！！,1015706,16777215
1062.575,2015-10-06 09:45:31,这后坐力,1707530,6710886
1066.28198242,2015-08-29 11:05:47,233333刚刚,1849043,16777215
1068.868,2015-08-24 06:04:03,这么小还拿大家伙,1745842,16777215
1070.981,2015-07-28 22:47:04,才开头就这么燃的bgm,1559901,16777215
1083.777,2015-08-13 08:13:55,来中国底盘捣乱，被城管追,1686887,16777215
1084.298,2015-08-23 22:45:50,bgm,1784620,16777215
1085.336,2015-09-12 12:05:47,还有人吗,1998433,16777215
1088.671,2015-09-26 11:26:07,大招,2077434,16777215
1097.255,2015-08-15 10:41:37,女神你不要穿这睡衣乱跑啊  会走光的,1562563,16737843
1097.463,2015-08-23 22:46:03,bgm是什么意思？,1784620,16777215
1102.63696289,2015-09-15 16:25:54,前面真是自己听不懂别误导人好吧？明明就是散,1941935,16777215
1107.736,2015-08-28 02:25:39,东莞扫黄之后 生意差的不是一点二点啊。就像这,1554225,13382400
1108.0,2015-09-07 07:28:43,   主角自带背景音乐,BGM背景音乐的意思,SB你又涨见识了,1884610,10053222
1122.115,2015-08-31 00:23:30,背景音乐,1864567,16777215
1150.943,2015-07-13 21:40:35,这猴子,535162,16777215
1152.031,2015-08-05 07:49:33,好喜欢这个猴子,1014703,16777215
1156.518,2015-08-05 07:49:37,萌萌哒,1014703,16777215
1166.24,2015-09-07 07:30:07,   猴子跟鹦鹉啪啪啪,哈哈,这两逗逼,1884610,10053222
1167.547,2015-07-18 07:53:21,6666,1495923,16777215
1175.836,2015-08-15 12:20:54,真·猴哥,170744,16777215
1177.539,2015-08-31 00:24:25,666666,1864567,16777215
1182.675,2015-08-23 22:47:29,发哥：草泥马,1784620,16777215
1185.011,2015-08-09 10:26:25,一支穿云箭    千军万马来相见,1710598,16777215
1185.306,2015-07-10 10:17:49,猴子好棒！！,1372226,16777215
1188.136,2015-08-20 00:44:07,这猴子跟这只鹦鹉也是逗 整整4集里都有它们,1707240,16777215
1202.18,2015-07-28 22:49:15,加勒比卖队友,1559901,16777215
1205.037,2015-08-04 12:26:58,冀雪莹我在20分钟等你,1032188,16777215
1206.837,2015-08-31 00:24:54,第四部好看不？,1864567,16777215
1216.418,2015-09-11 10:34:13,猴子和鹦鹉是海盗标配,854887,16750848
1218.106,2015-08-24 06:06:32,4级里猴子在瓶子里,1745842,16777215
1226.542,2015-08-23 22:48:13,bgm是什么意思？,1784620,16777215
1228.808,2016-01-23 10:59:59,背景音乐,3252953,16777215
1230.172,2015-09-17 01:52:37,飞翔的荷南人出场太帅,1941473,16777215
1230.457,2015-12-23 11:48:39,background music,2435302,16777215
1236.331,2015-08-31 00:25:24,bgm,1864567,16777215
1242.0,2015-11-12 10:54:01,←是荷兰人,2258439,16777215
1245.505,2015-08-31 00:25:33,背景音乐的意思,1864567,16777215
1253.83,2015-12-23 06:49:13,千军万马一将在,1951739,16777215
1282.357,2015-08-29 08:10:07,萌,1851001,16777215
1289.442,2015-09-16 10:00:16,这船在水里 火药都不会潮的,2059165,16777215
1302.213,2015-08-04 12:20:52, 冀雪莹看到这了叫我,1032188,16777215
1306.719,2015-09-26 11:29:45,荷兰人这样子让人以为一炮就能轰掉,2077434,16777215
1309.528,2015-08-05 07:52:13,好的,1014703,16777215
1310.558,2016-01-14 11:14:43,飞翔的荷南人,2117965,16777215
1313.884,2015-08-20 04:58:59,前面单身狗,1775894,16777215
1314.176,2015-08-23 22:49:40,我是,1784620,16777215
1321.905,2015-12-29 01:36:47,单身狗默默吃狗粮,2979835,10027008
1329.212,2015-08-24 05:38:57,好快开学不开心,1811075,16777215
1329.802,2015-08-20 04:59:17,烧死你们两个！,1775894,16777215
1337.643,2015-09-20 06:10:40,我爱龚雪ying,1567387,16777215
1343.019,2015-08-22 01:38:16,真是炸了  竟然在弹幕上叫人,1789271,16777215
1351.318,2015-12-29 01:37:17,拖下去炸了,2979835,10027008
1351.744,2015-12-31 09:46:39,叫叫叫叫叫   啊啊啊啊啊啊啊,1743840,65280
1358.397,2016-01-11 07:56:22,哈依纳尔我爱你,2619942,15932403
1359.428,2016-01-29 01:14:10,首席烧烤师已上线！,3334844,13369344
1360.07,2015-08-29 08:16:14,我想看他的女人！！,1851001,16777215
1360.07,2015-08-29 08:13:36,老吴,1851001,16777215
1360.07,2015-08-29 08:13:32,哈哈啊哈哈,1851001,16777215
1360.07,2015-08-29 08:12:58,老相好,1851001,16777215
1368.32,2015-12-29 01:37:34,情侣双炸,2979835,10027008
1373.165,2016-01-11 07:57:14,haynar世界第一超帅男神,2619942,15932403
1373.337,2015-08-28 02:30:17,好像很缺演员啊,1554225,13382400
1384.476,2015-09-11 08:17:43,都苍老了这么多,1811990,16777215
1392.482,2015-12-01 05:41:24,一群死基佬编个妹子名字就强行装作自己有妹子 真是丑恶,274869,16777215
1393.421,2015-07-11 03:02:01,78990-P[8K-PI=]',-P='[,1321342,16777215
1394.094,2015-09-26 11:31:13,你没看见下面的标签秀恩爱死的快吗,2077434,16777215
1395.831,2015-10-21 05:22:40,第二部女主把杰克卖了，第三部直接赔了爹,1642209,16777215
1402.508,2015-09-17 03:44:45,2333333,695540,16777215
1403.004,2015-11-24 23:34:23,23333333333,2101720,16777215
1406.828,2015-09-04 18:39:52,猴子好可爱,589571,16777215
1411.979,2015-08-12 05:29:26,猴子好演技,1342244,10027263
1417.49902344,2015-08-30 05:51:57,猴子演技超棒,1849963,16777215
1421.615,2015-09-17 03:45:04,猴子演技派,695540,16777215
1422.10302734,2015-08-29 11:21:50,猴砸！🐒,1849043,16777215
1430.554,2015-08-24 06:10:04,这猴子好逗,1745842,16777215
1431.343,2015-12-29 01:38:51,日婆,2979835,10027008
1444.207,2015-08-23 22:52:44,这个女人为什么这么在意斯派罗,1784620,16777215
1451.736,2016-01-09 02:27:05,来瓶朗姆酒，哇哦！！！,3083771,16777215
1455.011,2015-09-26 11:32:14,23333,2077434,16777215
1458.535,2015-07-18 07:58:12,666666666666,1495923,16777215
1459.198,2015-09-04 18:40:45,哈哈哈哈哈哈,589571,16777215
1460.291,2015-08-23 23:06:46,真疼啊,1562156,16777215
1460.499,2015-08-04 05:54:48,.,1436521,16777215
1461.254,2015-08-09 04:39:27,666666666,1117906,16777215
1464.426,2015-12-08 23:29:17,掰了个脚趾头吗？,1380120,16777215
1465.186,2015-09-11 10:38:38,←因为德普长得帅  人格魅力,854887,16750848
1465.751,2015-08-23 22:53:06,可怜的脚趾头,1784620,16777215
1479.976,2015-07-28 22:53:53,心疼脸蛋,1559901,16777215
1489.221,2015-08-04 12:50:39, 感觉和你一起看电影好开心 哈哈,1032188,16777215
1494.253,2016-01-23 11:09:12,心疼胡子,3252953,16777215
1496.838,2015-08-28 02:32:20,很凉爽的感觉，适合夏天啊,1554225,13382400
1499.114,2015-08-05 20:05:32,。。。。。。。。。。。。。。。。。。。。。。,1014703,16777215
1500.118,2015-08-23 22:53:40,谢谢你，我也是很开心,1784620,16777215
1501.878,2015-10-10 09:12:19,我好冷。。,2208193,16777215
1504.801,2015-08-22 01:41:54,妈蛋,1789271,16777215
1506.862,2016-01-04 06:29:53,前面冷的，姐姐给你送温暖来了,2216460,16463928
1507.013,2015-09-07 15:33:59,akb,1288542,16777215
1508.314,2016-01-11 08:00:12,haynar有3个腿,2619942,16777215
1509.931,2015-10-10 09:12:35,烧吧,2208193,16777215
1512.229,2015-08-13 08:21:26,就是极光嘛,1686887,16777215
1513.487,2015-09-26 11:33:12,突然发现吉布斯是大师,2077434,16777215
1515.922,2015-08-09 08:46:39,极光？？,1223624,16777215
1527.065,2015-09-11 08:25:29,这红扑扑的小脸蛋,1811990,16777215
1540.838,2015-08-31 00:30:28,在线68,1864567,16777215
1545.669,2015-12-29 01:44:55,在线21,2979835,10027008
1552.161,2016-01-07 00:16:02,在线2588335869437,2946472,16777215
1558.11,2015-08-19 23:34:50,这里  不就是南北极吗？,1691613,16777215
1558.281,2015-12-30 00:10:38,在线也是21,2783241,16777215
1565.841,2015-08-23 22:54:46,水面为什么不结冰？【我还剩下5条弹幕了,1784620,16777215
1570.55,2015-12-24 08:12:44,咸水,1271516,16777215
1571.09,2015-08-31 00:30:58,没人吱个声吗,1864567,16777215
1572.0,2015-11-12 10:59:47,在携程看到可以去南北极旅游 77万一个人,2258439,16777215
1580.512,2016-01-04 04:33:10,这船看起来挺小的,3000144,16777215
1590.644,2015-09-26 11:34:29,吱,2077434,16777215
1593.216,2015-12-31 08:23:03,吱吱,3007487,16777215
1645.675,2015-09-04 08:02:48,一只感情丰富的乌贼,1896567,16777215
1649.60205078,2015-11-25 08:54:27,jack你快出来 作为一个男猪你藏太久了额,2100047,15079208
1650.26293945,2015-08-29 11:25:56,QAQ,1849043,16777215
1652.0,2015-11-12 11:01:17,章鱼哥不哭,2258439,16777215
1654.0,2015-12-23 20:08:15,前面，人家明明是章鱼好嘛,2878239,16777215
1654.0,2015-12-23 20:07:37,抹眼泪好评,2878239,16777215
1654.174,2015-09-17 03:48:57,23333,695540,16777215
1655.194,2015-09-04 18:44:01,2333333333,589571,16777215
1658.477,2015-09-11 08:27:40,我为什么觉得这么萌……,1811990,16777215
1660.09,2016-01-09 02:30:33,想家了！！,3083771,16777215
1678.214,2015-12-29 01:47:23,又是他俩！,2979835,10027008
1678.468,2016-01-28 02:59:50,这俩哥们还在,480015,16777215
1680.068,2016-01-15 01:10:13,这俩也有光环啊23333333,3115375,16777215
1680.571,2015-08-09 08:49:34,俩逗逼诶,1223624,16777215
1689.175,2015-09-11 08:28:11,又是这两个逗比,1811990,16777215
1702.12304688,2015-08-29 11:26:51,可爱的卫兵上线啦,1849043,16777215
1717.813,2016-01-27 08:06:46,我章鱼哥超级萌,3269717,10027263
1722.646,2015-09-26 11:36:41,注：您的好友“杰克必须死”已上线,2077434,16777215
1761.89294434,2015-11-25 08:56:33,欢迎收看少年派前传,2100047,15079208
1766.821,2015-08-09 08:51:01,真好听,1223624,16777215
1766.985,2015-08-04 12:56:03,好美的星空,1032188,16777215
1768.832,2015-10-24 04:46:01,风景不错,2313069,65280
1769.298,2015-08-29 08:20:26,确定这不是黑执事？！(|||ﾟДﾟ),1851001,16777215
1770.95,2015-08-17 06:12:22,这里好美。。。,1394385,16777215
1772.951,2015-12-21 01:38:34,绮丽,1188341,16777215
1777.268,2015-09-26 11:37:36,始终不明白，这是海怪的心脏吗,2077434,16777215
1782.773,2016-01-15 01:13:56,前面的到底有没有好好看上一部啊,3115375,16777215
1792.801,2016-01-30 05:03:29,开花好可怜,3273776,16777215
1794.959,2015-11-28 10:37:09,那是戴维德心脏,2630763,16777215
1795.553,2016-01-19 03:07:19,我要jack船长T^T,3196424,16777215
1808.612,2015-08-23 22:58:59,妈蛋这么快【今天就剩下4条弹幕了,1784620,16777215
1810.947,2015-08-04 12:56:47,这中间没人发弹幕 都是我发的 哈哈、,1032188,16777215
1819.0,2015-12-21 10:23:44,感觉男二最惨…,1194149,16777215
1824.414,2015-11-30 01:14:56,我还在想那个掉了脚趾头的那个人,1850552,16777215
1828.113,2015-08-07 06:46:37,乖乖看片,1014703,16777215
1831.404,2015-10-15 22:24:32,这女主简直了,319396,16777215
1833.554,2015-08-06 22:31:32,8个基佬不说话,1550628,16777215
1834.13,2015-08-09 10:37:17,为什么路飞还没来   ,1710598,16777215
1835.96594238,2015-08-29 11:29:29,我也是为弹屏贡献力量,1849043,16777215
1837.447,2015-08-16 00:39:58,那我来发一个 20150816,1747678,16777215
1839.112,2015-10-04 09:12:07,14人在线，10月4号 21:12   ･ﾟ( ﾉд`ﾟ),2145719,16777215
1841.751,2015-07-11 03:18:31,./;'/,1321342,16777215
1841.751,2015-07-11 03:18:27,]],1321342,16777215
1844.675,2015-08-19 23:40:19,看电影不要说话   ,1691613,16777215
1849.651,2015-12-29 01:50:35,21人在线 12月29日,2979835,10027008
1855.063,2016-01-19 21:16:17,只看到黑黑的一片是我一个人吗2016.1.20,3217515,16777215
1855.406,2015-08-29 08:21:52,所以那老鱿鱼喜欢这巫婆？,1851001,16777215
1859.06,2015-08-19 23:40:46,专心吃爆米花,1691613,16777215
1862.249,2016-02-01 11:23:23,后方有剧透  请关闭弹幕1分钟,3077382,3708132
1864.933,2015-08-09 08:52:39,Jones喜欢巫女？？,1223624,16777215
1867.416,2015-12-15 07:03:48,女巫的真身是海之女神，琼斯和女神是姘头，海怪和让死去海员成为手下的能力都是女神给琼斯的。其他海盗看琼斯势力太大了，就让杰克他爹去勾引女神，生下了杰克。琼斯很生气，把制服女神的方法泄露了出去，海盗们就把,256159,13369344
1868.713,2015-12-15 07:07:45,就诅咒他变成了章鱼头，并且每10年才能上一次陆地。,256159,13369344
1868.713,2015-12-15 07:07:41,女神对琼斯出卖自己也很生气，,256159,13369344
1868.713,2015-12-15 07:07:25,琼斯很生气，把制服女神的方法泄露了出去，海盗们就把女神制服了，女神失去了大部分神力，变成了女巫的样子,256159,13369344
1868.713,2015-12-15 07:07:16,其他海盗看琼斯势力太大了，就让杰克他爹去勾引女神，生下了杰克。,256159,13369344
1868.713,2015-12-15 07:07:10,海怪和让死去海员成为手下的能力都是女神给琼斯的,256159,13369344
1868.713,2015-12-15 07:07:03,女巫的真身是海之女神，琼斯和女神是姘头.,256159,13369344
1868.713,2015-12-15 07:05:56,1,256159,13369344
1868.713,2015-08-09 10:37:52,遇见海王类,1710598,16777215
1871.352,2016-01-23 02:17:40,红字剧透是只狗！！,3127130,16763955
1871.45,2015-08-31 00:35:59,在线66,1864567,16777215
1871.727,2015-12-21 23:58:01,sb红字，剧透死全家。,1066810,13421772
1872.44604492,2015-08-29 11:30:22,有预感巫女是爱人,1849043,16777215
1873.22,2015-08-24 06:28:40,是胸小不说话  还是~~,1745842,16777215
1876.629,2015-08-06 22:32:15,为什么巴博萨要去救杰克,1550628,16777215
1880.812,2015-08-23 23:00:13,木有爆米花，你给点？【还有三条dau,1784620,16777215
1881.248,2015-08-31 00:36:08,啦啦啦,1864567,16777215
1882.0,2016-01-04 06:04:19,骂红字的脑子有病？她只是在科普而已 之前我也没看懂 那么用心还骂别人 狗带,2573542,16777215
1882.57897949,2015-08-29 11:30:44,2333,1849043,16777215
1883.395,2015-09-26 11:39:22,巫婆是海之神,2077434,16777215
1886.12,2015-08-31 00:36:13,啦啦啦啦,1864567,16777215
1889.429,2015-08-17 23:30:17,他想要黑珍珠,787419,16777215
1892.573,2015-09-13 12:08:00,不是救杰克,607304,16777215
1893.522,2015-08-09 08:53:07,哇喔,1223624,16777215
1893.651,2015-08-07 06:48:02,只有这样才能进入 世界尽头哈哈,1014703,16777215
1895.506,2015-08-31 00:36:23,要跳崖了,1864567,16777215
1898.082,2015-10-18 08:12:50,归墟吗？,927798,16777215
1898.329,2016-02-01 11:24:20,故事要科普   ？这是剧情,3077382,16777215
1898.417,2015-10-21 05:31:02,巴博萨不救哪来的黑珍珠,1642209,16777215
1899.22,2015-08-09 10:38:22,这尼玛就是海贼王剧情,1710598,16777215
1900.864,2015-10-15 22:25:41,巴博萨是去要黑珍珠,319396,16777215
1904.041,2015-11-28 10:38:58,因为杰克手上有那九个银币之一,2630763,16777215
1906.622,2015-09-04 01:51:57,(=ﾟωﾟ)=,1867609,16777215
1907.069,2015-09-13 12:08:18,想要黑珍珠号,607304,16777215
1927.216,2015-09-06 05:27:54,他们在玩海盗船,1958872,16777215
1929.738,2015-08-07 06:48:39,好喜欢这种壮观场面,1014703,16777215
1929.755,2015-08-31 00:36:57,这怎么拍的,1864567,16777215
1932.277,2015-09-06 10:50:05,噗海盗船,1524763,16777215
1938.746,2016-01-31 08:42:02,全部都是特效,2864154,16463928
1946.842,2015-09-26 11:40:25,巴博萨去救杰克是因为巫婆复活了他，他必须听她指挥，不然又变骷髅了,2077434,16777215
1951.75,2015-09-11 08:36:08,猴子实力抢镜,1811990,16777215
1956.38,2016-01-25 00:23:32,第五部不就是死人不会告密吗？死无对证,2668295,16777215
1962.692,2015-08-09 08:54:16,放心，露脸的都不死,1223624,16777215
1966.062,2015-08-04 12:59:22,这只成精的猴子太萌了,1032188,16777215
1968.084,2015-08-31 00:37:35,哈哈,1864567,16777215
1975.071,2016-01-24 13:01:36,十年前,2132385,16777215
1978.106,2015-08-09 08:54:36,逗比船长,1223624,16777215
1978.867,2015-08-23 23:01:51,杰克,1784620,16777215
1982.861,2015-09-04 18:46:39,黑头,589571,16777215
1986.526,2015-09-09 01:17:26,自带BGM的男人,823812,16777215
1986.765,2015-12-08 23:38:00,噢！船长终于上线啦！,1380120,16777215
1987.85900879,2015-08-29 11:32:35,23333333,1849043,16777215
1991.671,2015-09-11 08:36:48,哈哈哈哈哈哈哈哈哈哈哈,1811990,16777215
1994.092,2015-08-24 05:50:02,边看完第二部现在看第三部边吃鱿鱼丝嘴巴没停过舌头都起泡了,1811075,16777215
1994.152,2015-09-26 11:41:13,过半小时杰克终于亮相,2077434,16777215
1998.342,2015-10-04 09:14:48,好粗的毛孔,2145719,16777215
2003.869,2015-10-24 04:49:56,您的好友“杰克船长”上线了,2313069,65280
2011.382,2015-08-07 06:50:08,为什么杰克杀了杰克,1014703,16777215
2018.946,2015-09-25 10:09:35,精分晚期,1196318,16711680
2020.709,2015-08-29 08:24:38,精神分裂,1851001,16777215
2025.24,2015-08-29 08:24:42,我擦o,1851001,16777215
2026.932,2015-12-24 08:54:36,提水好萌,2414287,16777215
2027.238,2015-08-13 08:30:39,233333,1686887,16777215
2028.506,2015-08-09 08:55:28,好多,1223624,16777215
2030.18896484,2015-08-29 11:33:21,233333,1849043,16777215
2031.086,2015-08-07 06:50:28,怎么多杰克。。。,1014703,16777215
2037.377,2015-08-29 08:24:54,这特么不是火影？！,1851001,16777215
2037.671,2015-12-13 21:18:46,精分现场,2434670,16711680
2042.403,2015-08-27 10:55:54,随便送我一个好嘛,1689926,16777215
2045.04797363,2015-08-29 11:33:39,2333332333333323333323333333,1849043,16777215
2047.014,2015-09-26 11:42:06,哈哈哈哈,2077434,16777215
2047.619,2015-09-17 03:55:30,2333333333,695540,16777215
2056.19,2015-07-10 08:47:23,船长 哈哈,757271,16777215
2058.09912109,2015-08-29 11:33:58,233333,1849043,16777215
2060.556,2015-08-24 06:31:47,为什么这么多   ,1745842,16777215
2064.85302734,2015-08-29 11:34:07,随便送我一个233333,1849043,16777215
2066.221,2015-08-09 08:56:06,看啊，好多逗比,1223624,16777215
2072.066,2015-09-26 11:42:31,母鸡杰克笑抽了,2077434,16777215
2073.9,2015-08-20 01:01:36,其实这么多杰克船长都是德普大叔自己演的,1707240,16777215
2080.889,2015-09-11 08:38:17,一身纹身,1811990,16777215
2081.364,2015-08-20 01:01:48,然后合成,1707240,16777215
2111.082,2015-11-28 10:42:25,这句话有深意呀,2630763,16777215
2124.803,2015-07-13 21:58:58,精神失常了,535162,16777215
2125.251,2015-07-10 06:17:24,精分狂魔,297273,16777215
2126.119,2015-08-07 06:52:08,原来是意淫。。。。,1014703,16777215
2126.187,2015-09-26 11:43:25,神经,2077434,16777215
2128.619,2015-08-28 01:25:45,心疼,1689926,16777215
2128.839,2015-08-09 08:57:09,完了，傻了,1223624,16777215
2142.262,2015-09-26 11:43:41,23333333,2077434,16777215
2157.003,2015-07-10 23:24:35,无风带,752015,16777215
2166.013,2016-01-04 04:45:32,这珍珠号还完好无损,3000144,16777215
2168.051,2015-08-24 06:33:34,原来是 疯癫状况,1745842,16777215
2170.016,2015-12-08 23:41:03,这船不是被打得稀巴烂吗,1380120,16777215
2192.114,2015-08-31 00:41:19,他不是被海怪吃了吗   怎么出来的,1864567,16777215
2196.536,2015-07-18 08:18:08,好多好多鱼,1495923,16777215
2199.43896484,2015-08-29 11:36:32,2333333,1849043,16777215
2202.88,2015-08-29 08:27:40,所以才能演好疯帽子,1851001,16777215
2211.197,2016-01-25 02:21:06,杰克很会享受,2132385,16777215
2215.733,2015-10-15 22:30:56,被戴维琼斯关起来了 折磨了,319396,16777215
2236.771,2015-08-04 00:56:28,马上船长又要开始装逼了,812094,16777215
2241.248,2015-08-29 08:28:18,还有Willy Wonka,1851001,16777215
2243.471,2015-08-09 08:59:03,23333,1223624,16777215
2265.773,2015-07-10 06:24:53,.......,1191079,16777215
2279.538,2015-08-22 01:55:17, 宁愿是那个螃蟹  还能被船长舔一口。。,1789271,16777215
2292.295,2015-07-10 10:27:28,这就是精神病人的世界吗,288997,16777215
2295.502,2015-08-31 00:43:03,满嘴黄牙舔你？,1864567,16777215
2296.52197266,2015-08-29 11:38:13,23333l,1849043,16777215
2298.38,2015-07-28 23:07:38,全是螃蟹哈哈哈哈哈哈哈哈哈,1559901,16777215
2302.933,2015-09-26 11:46:22,把这群螃蟹上交给国家,2077434,16777215
2303.199,2015-10-15 22:34:25,来自黑暗寒冬中的随从们，仆人们，士兵们！听从克尔苏加德的召唤！,319396,16777215
2309.022,2015-08-24 06:35:55,这么多石头pangx,1745842,16777215
2311.804,2015-08-09 09:00:12,苏醒啦,1223624,16777215
2314.10000001,2016-01-31 03:41:58,蟹将们抬着走,3298796,16777215
2315.7590332,2015-12-03 06:10:18,螃蟹帮他搬船,2704166,16777215
2320.48608398,2015-10-09 23:42:20,摩尔斯码哈哈哈哈,1947975,16777215
2325.159,2015-08-29 08:29:42,帮忙去,1851001,16777215
2327.0,2015-11-09 05:50:18,螃蟹能直走,1397638,16776960
2333.886,2015-08-09 09:00:34,哇,1223624,16777215
2339.095,2015-10-06 10:06:47,说好的螃蟹横着走。。,1707530,6710886
2347.283,2015-08-31 00:43:58,天哪,1864567,16777215
2349.884,2015-07-10 10:04:55,螃蟹6666666,1449152,16777215
2357.138,2016-01-15 01:25:41,一个大写的懵逼2333333,3115375,16777215
2358.649,2015-10-10 09:29:19,船长好呆萌>𡿨,2208193,16777215
2363.055,2015-08-24 06:36:53,神奇  傻了,1745842,16777215
2366.901,2015-08-31 00:44:18,螃蟹好赞,1864567,16777215
2371.083,2015-09-04 18:50:41,有意思,589571,16777215
2371.771,2015-09-26 11:47:30,2333333,2077434,16777215
2373.66800001,2016-01-12 01:34:36,懵逼了,2629121,16777215
2375.304,2016-01-30 05:14:09,一脸卧槽,3273776,16777215
2377.595,2015-10-11 00:31:31,hhhhhhhh,2213644,16777215
2381.267,2015-08-13 08:36:33,船就这么被偷了,1686887,16777215
2386.876,2015-08-29 08:30:44,哈哈  萌,1851001,16777215
2395.838,2015-08-04 13:07:23,黑珍珠号是有灵魂的船  每十分钟发个弹幕给冀雪莹 哈哈,1032188,16777215
2403.389,2015-08-17 23:38:57,发NMB,787419,16777215
2408.385,2015-08-20 05:17:15,烧死,1775894,16777215
2412.103,2015-08-22 01:58:17, 炸了,1789271,16777215
2412.509,2015-12-31 09:06:09,螃蟹被舔一口，爱上了船长吗？,3007487,16777215
2414.85400391,2015-08-29 11:40:15,前面恩爱的站住,1849043,16777215
2415.256,2015-09-04 18:51:25,猴子真萌,589571,16777215
2419.374,2015-10-11 00:32:49,螃蟹好可爱,2213644,16777215
2423.973,2015-08-09 09:02:04,6666666,1223624,16777215
2425.935,2015-12-13 21:25:14,开始装逼了,2434670,16711680
2426.172,2015-09-26 11:49:05,您的好友装逼船长已上线,2077434,16777215
2427.23,2015-08-28 03:01:20,吊炸天,1554225,13382400
2429.918,2015-10-17 08:38:36,666666666666666666,880186,16777215
2430.734,2015-07-14 07:55:46,自带 bgn,1050540,16777215
2432.383,2016-01-26 01:59:27,船长帅到爆！！！！！,3270427,16777215
2434.118,2015-07-19 03:49:30,总是握着个链条葫芦,449125,16764159
2434.978,2015-09-04 18:51:45,帅呆了,589571,16777215
2435.555,2015-08-09 09:02:16,风骚,1223624,16777215
2436.0,2015-11-12 11:14:14,这是一个自带bgm的男人,2258439,16777215
2439.344,2015-10-11 00:33:09,哈哈哈船长,2213644,16777215
2439.55,2015-08-07 06:57:21,bgm,1014703,16777215
2439.896,2015-07-14 09:02:33,自带gba,427780,16777215
2440.792,2015-09-11 09:00:11,帅瞎了,1811990,16777215
2445.0,2015-09-07 08:15:13,    自带出场音乐好骚,1884610,16777011
2451.09790039,2015-08-28 12:06:20,装得一手好B,1827488,16777215
2453.737,2015-12-13 21:25:42,帅炸了,2434670,16711680
2454.711,2015-07-18 22:58:36,自带ABC,883558,16777215
2455.785,2015-07-18 08:22:28,自带BGM的男人,1495923,16777215
2456.485,2015-08-31 00:45:47,每次出场都这么炫酷,1864567,16777215
2460.113,2015-08-02 07:11:26,强行bgm,1119721,16724838
2470.44,2015-08-04 22:42:57,自带番号的男人,1588870,16777215
2470.485,2015-07-27 09:26:58,自带DJB,402957,16777215
2472.187,2015-08-24 06:38:39,开的挂,1745842,16777215
2488.56,2015-08-28 03:02:21,这是肿么了。,1554225,13382400
2493.5,2015-08-09 10:46:47,这女主瞬间湿透了,1710598,16777215
2500.55,2015-08-09 10:46:54,高潮了,1710598,16777215
2528.047,2015-09-26 11:50:47,23333,2077434,16777215
2553.477,2015-09-11 10:56:50,心疼,854887,16750848
2573.706,2015-09-26 11:51:33,疯了,2077434,16777215
2591.461,2015-10-11 00:35:59,(*ﾟ∇ﾟ),2213644,16777215
2625.366,2015-09-11 10:58:02,起义歌超赞,854887,16750848
2637.712,2015-09-26 11:52:37,2333333,2077434,16777215
2644.248,2015-08-20 01:12:02,与伟大的船长同船,1707240,16777215
2653.799,2015-09-26 10:28:03,2333333,1286294,16711680
2676.003,2015-12-26 06:32:00,呆湾,931009,16777215
2688.309,2015-09-26 11:53:27,23333,2077434,16777215
2689.436,2016-01-25 12:28:37,懵逼了,2485530,16777215
2711.073,2015-09-17 04:06:33,两个逗比,695540,16777215
2713.96,2015-10-11 00:39:17,缓冲好慢,2213644,16777215
2722.429,2016-01-15 01:32:54,chartman哈哈哈哈,3115375,16777215
2722.429,2016-01-15 01:32:48,chartman,3115375,16777215
2724.555,2016-01-04 04:54:51,两个船长33333333,3000144,16777215
2725.424,2015-09-26 11:54:04,人好少,2077434,16777215
2725.659,2015-07-13 22:09:14,你要造反？,535162,16777215
2725.888,2015-12-13 21:30:14,233333333,2434670,16711680
2726.99,2015-09-17 04:06:49,2333333333333,695540,16777215
2727.528,2015-08-04 01:04:39,233333333,812094,16777215
2729.098,2015-10-11 00:40:38,哈哈哈哈哈哈哈哈哈哈哈哈,2213644,16777215
2729.296,2015-09-26 11:54:08,233333,2077434,16777215
2729.864,2015-08-08 07:33:06,hhhhhhhhhhhhhhhhhhhhhhhhhhhhh,1212631,16777215
2730.199,2015-09-18 06:38:54,23333,1364861,16777215
2730.352,2015-08-09 09:07:16,666666,1223624,16777215
2732.333,2015-08-06 22:46:31,我靠哈哈哈哈,1550628,16777215
2740.414,2015-08-07 07:02:46,23,1014703,16777215
2740.555,2015-07-14 08:00:56,66666,1050540,16777215
2745.727,2016-01-20 05:22:11,23333333333,3160038,16777215
2746.32,2015-08-29 08:40:17,有点萌,1851001,16777215
2751.214,2015-08-24 06:43:17,喂鱼,1745842,16777215
2751.864,2015-08-31 00:50:43,233333333333333333333333,1864567,16777215
2752.946,2015-09-11 11:00:09,萌萌萌 世纪好CP,854887,16750848
2763.487,2015-08-02 07:16:36,幼稚鬼哈哈,1119721,16724838
2766.029,2016-01-21 10:35:56,笑死我了，卧槽,1115880,16777215
2766.131,2015-09-26 11:54:45,2333333333333333333333,2077434,16777215
2767.055,2015-08-13 08:42:59,2333,1686887,16777215
2767.388,2016-01-15 01:33:54,这两个幼稚鬼真是够了23333333,3115375,16777215
2768.215,2015-07-14 07:23:38,   23333333,687991,16777215
2771.7,2015-12-31 09:12:09,搞笑O(∩_∩)O哈哈~,3007487,16777215
2779.523,2015-08-09 10:51:35,女主又发春了,1710598,16777215
2797.482,2015-08-09 10:51:53,相逢一炮泯恩仇,1710598,16777215
2809.503,2015-10-18 09:23:56,曾轶可留长发还挺好看的,1546072,16776960
2816.105,2015-08-06 22:47:54,都木有人发弹幕,1550628,16777215
2818.368,2015-07-14 08:02:23,趁热,1050540,16777215
2826.374,2015-08-09 09:08:52,来一发,1223624,16777215
2827.332,2015-07-17 11:23:06,来一发,1504203,16777215
2828.669,2016-01-25 02:28:39,我想跟女主来一发,2132385,16777215
2828.79101562,2015-08-29 12:01:51,来一炮,1849043,16777215
2829.0,2015-12-11 09:37:30,你们这么饥渴应该上小网站,1037381,3708132
2830.509,2015-09-06 05:42:37,赶紧的,1958872,16777215
2833.034,2015-08-31 00:52:05,开炮,1864567,16777215
2834.047,2015-07-17 11:23:13,不要废话 脱,1504203,16777215
2842.101,2016-01-21 10:37:13,来一发,1115880,16777215
2842.733,2015-10-06 04:42:58,女主角变心了 是不是杰克船长太厉害了,1212669,16777215
2846.013,2015-09-26 11:56:05,越好看的，弹幕越少,2077434,16777215
2853.375,2015-08-06 22:48:32,好基友,1550628,16777215
2869.11,2015-08-06 22:48:47,这两货超喜感,1550628,16777215
2874.374,2015-07-13 22:11:55,作死小能手,535162,16777215
2877.132,2015-08-09 09:09:43,美人鱼？,1223624,16777215
2877.829,2016-01-25 02:29:32,朱……,2132385,16777215
2884.133,2015-09-26 11:56:43,2333333,2077434,16777215
2885.54296875,2015-08-29 12:03:02,蛋蛋掉了,1849043,16777215
2899.213,2016-01-21 10:38:10,你两闯祸了，闯大祸了,1115880,16777215
2905.514,2015-09-26 11:57:05,她就是啊。。。,2077434,16777215
2923.611,2015-09-11 11:03:09,女巫难道其实爱着琼斯,854887,16750848
2925.736,2015-08-06 22:49:44,(;´Д`),1550628,16777215
2943.42993164,2015-08-29 12:04:00,QAQ,1849043,16777215
2943.465,2015-08-09 09:10:50,果然,1223624,16777215
2947.075,2015-08-28 03:10:00,原来是她,1554225,13382400
2957.107,2015-08-06 22:50:15,好多船、、、,1550628,16777215
2957.365,2016-01-31 08:55:39,小船上有伊麗莎白的老爸,2864154,16463928
2959.924,2015-08-04 13:16:47,又过了十分钟 ,1032188,16777215
2965.926,2015-09-11 11:03:52,可是 我还是觉得 女巫和杰克比较配,854887,16750848
2974.97290039,2016-01-09 20:59:54,同意哦,3106636,16777215
2978.584,2016-01-10 15:55:44,女巫不是杰克的妈妈吗,2868096,16777215
2986.121,2016-01-04 05:52:34,照理来说女巫是杰克他妈？,2724551,16777215
3005.307,2015-08-06 22:51:04,他爸爸死了？,1550628,16777215
3012.801,2015-09-26 11:58:52,真可怜,2077434,16777215
3018.29003906,2015-08-29 12:05:18,喜欢爸爸,1849043,16777215
3088.2,2015-09-11 11:07:03,没搞懂他爸爸怎么死了,854887,16750848
3094.282,2015-10-10 09:43:50,前面戴假发那伙人杀的  有说,2208193,16777215
3095.455,2015-08-29 08:46:06,越来越讨厌这女人了  好吵,1851001,16777215
3096.0,2015-11-12 11:25:22,刚刚不是说了谁刺了那个心脏自己的心脏就要拿去代替,2258439,16777215
3096.133,2016-01-15 02:49:44,SB吗？没搞懂怎么死的，前面贝克勋那段被勾吃了,1632917,16777215
3102.025,2016-01-28 03:26:56,前面那个勋爵说他已经没用了,480015,16777215
3104.38,2015-08-09 10:57:00,我觉得女巫好性感,1710598,16777215
3104.582,2016-01-23 11:36:51,你重要的人死了你不伤心！？,3252953,16777215
3104.582,2016-01-23 11:36:23,说讨厌的你还有良心吗,3252953,16777215
3108.669,2016-01-15 01:39:44,前面说好吵的我也是醉了,3115375,16777215
3109.872,2016-01-30 05:27:44,为什么讨厌女主啊！,3273776,16777215
3114.252,2015-12-09 04:21:28,重口味,1495744,16711680
3122.917,2015-12-31 09:16:21,······,3007487,16777215
3130.885,2015-08-06 22:53:10,这是阴间？,1550628,16777215
3133.578,2016-01-04 05:55:01,感觉女主没啥用啊 只能围绕在男主和男二周围发展感情戏,2724551,16777215
3139.65893555,2015-08-29 12:11:25,女巫的手好白。。,1849043,16777215
3140.025,2015-08-24 06:49:46,性感你去亲亲么么哒啊,1745842,16777215
3157.37,2015-12-13 21:37:26,这里是阴阳的中间地带,2434670,16711680
3173.0,2015-11-12 11:26:52,又开始精分了,2258439,16777215
3176.918,2016-01-28 03:28:24,世界需要一个巫妖王,480015,16777215
3186.21,2015-09-17 04:14:29,= =精神分裂了啊,695540,16777215
3186.332,2015-07-19 22:23:23,精分现场,1553992,16777215
3222.08,2015-08-08 07:41:16,图上文字    地狱   密,1212631,16777215
3235.337,2015-07-10 04:48:17,精分,850834,16711935
3249.48,2015-12-13 21:38:58,自带BGM,2434670,16711680
3250.397,2015-09-18 06:48:25,233333,1364861,16777215
3258.218,2015-09-26 12:02:57,这bgm,2077434,16777215
3264.768,2015-08-20 22:22:23,第一次弹幕，纪念一下20150821 10：22淮北,1786165,16777215
3294.64306641,2015-12-03 06:30:13,两个超级逗比,2704166,16777215
3316.096,2015-07-13 22:19:34,你们是怎么把自己倒着绑起来的,535162,16777215
3317.8,2015-09-26 12:03:57,23333,2077434,16777215
3320.96,2015-08-08 07:43:00,＋1,1212631,16777215
3321.02,2015-12-13 21:40:09,这2个逗比,2434670,16711680
3326.243,2015-09-04 18:59:19,这两傻瓜,589571,16777215
3326.484,2015-09-18 06:49:41,俩逗逼,1364861,16777215
3326.642,2015-08-06 22:56:26,哈哈哈哈这两个二货,1550628,16777215
3326.982,2015-08-12 06:03:20, 俩个逗比翻了过来你们还是反的,1342244,10027263
3328.348,2015-08-09 09:26:08,+2,1223624,16777215
3348.139,2016-01-23 11:40:58,海盗船...,3252953,16777215
3364.996,2016-01-29 13:57:07,那个掉进海里的人还回得去么？"(ºДº*),3332077,16777215
3384.753,2015-08-29 05:23:36,海盗船的来历,1836723,16777215
3397.737,2015-10-10 09:49:01,真刺激,2208193,16777215
3423.188,2015-09-18 06:51:17,海倒船,1364861,16777215
3438.774,2015-08-02 02:47:58,老夫的颈椎。。,1256726,16777215
3455.0,2015-12-28 08:05:14,飞翔的黑珍珠号,119789,6737151
3462.175,2015-09-11 11:13:30,这是谁定的法则,854887,16750848
3466.241,2015-08-09 09:28:57,出来了,1223624,16777215
3470.176,2015-09-17 04:19:13,很有意思的设定啊！,695540,16777215
3471.417,2015-08-09 09:29:14,猴子居然没掉,1223624,16777215
3482.399,2015-07-17 11:34:01,原来章鱼怪每次都是这么出场么？,1504203,16777215
3489.565,2015-08-20 01:28:04,鹦鹉也是,1707240,16777215
3498.084,2015-08-09 09:30:04,666666,1223624,16777215
3499.031,2015-09-11 11:14:07,哈哈哈,854887,16750848
3499.241,2015-09-18 06:52:34,233333,1364861,16777215
3500.141,2016-01-30 05:35:37,这是什么局势2333,3273776,16777215
3502.425,2015-09-17 04:19:45,2333,695540,16777215
3504.795,2015-09-04 19:02:18,猴子太萌了,589571,16777215
3514.49,2016-01-30 05:36:21,好傻23333,3273776,16777215
3515.366,2015-08-09 09:30:22,笑嘛呢,1223624,16777215
3537.976,2015-08-20 01:28:52,衣服瞬间干透,1707240,16777215
3550.81,2015-08-20 01:29:05,没人吐槽？,1707240,16777215
3566.301,2015-08-09 09:31:33,23333333,1223624,16777215
3569.652,2016-01-30 05:37:34,一群逗比,3273776,16777215
3574.089,2016-01-21 10:49:26,全变水枪了，哈哈,1115880,16777215
3575.0,2015-12-28 05:55:24,兔兔,1119665,16777215
3577.0,2015-11-12 11:33:40,6666666,2258439,16777215
3579.933,2015-08-07 07:52:02,2333,1014703,16777215
3582.754,2015-08-04 13:27:10,哈哈  又过了十分钟 报时啦,1032188,16777215
3587.108,2016-02-01 11:53:53,jack先开枪的,3077382,16777215
3592.145,2015-08-20 05:40:09,烧死你,1775894,16777215
3594.227,2015-08-22 02:19:43,  滚,1789271,16777215
3594.281,2015-09-11 11:15:58,我不喜欢海盗夫妇 你两上岸继续开铁匠铺好吗,854887,16750848
3596.874,2016-01-30 05:38:39,开花好萌,3273776,16777215
3606.338,2016-01-15 01:48:08,幼稚鬼好烦23333333,3115375,16777215
3606.386,2015-08-08 07:48:12,23333333333,1212631,16777215
3608.718,2015-08-13 08:57:21,233333,1686887,16777215
3609.651,2015-09-18 06:54:24,23333,1364861,16777215
3611.026,2015-11-26 04:13:18,23333333,2101720,16777215
3612.0,2015-11-12 11:34:18,真幼稚！,2258439,16777215
3613.366,2015-09-11 09:24:01,哈哈哈哈哈哈,1811990,16777215
3614.821,2015-08-29 08:54:45,幼稚死,1851001,16777215
3618.617,2015-08-29 08:54:49,哈哈哈,1851001,16777215
3619.662,2015-07-15 09:03:02,哈哈哈哈哈哈哈幼稚鬼,979803,16777215
3643.19100001,2016-01-07 06:49:41,这个是什么尸体,3084709,16777215
3647.863,2015-08-29 08:55:18,烤章鱼,1851001,16777215
3649.182,2015-09-02 01:17:20,恐龙,1764610,16777215
3662.669,2015-08-15 23:36:54,额祖玛特,1097395,16777215
3772.19702148,2015-08-29 12:22:30,发哥？,1849043,16777215
3785.524,2015-12-24 09:30:45,233333333333333,2414287,16777215
3786.881,2015-07-13 22:30:24,哈哈,535162,16777215
3791.897,2016-01-23 11:48:44,巴博萨翻白眼了,3252953,16777215
3792.375,2015-09-11 11:19:17,白眼ww,854887,16750848
3802.896,2015-07-13 22:30:55,杰克这个样子233,535162,16777215
3803.563,2016-01-15 01:51:33,好萌233333,3115375,16777215
3806.726,2015-08-09 09:35:41,小媳妇儿,1223624,16777215
3807.525,2015-12-24 09:31:56,233333333,2414287,16777215
3809.0,2015-11-12 11:37:52,感觉整个海上的人都被杰克得罪了哈哈,2258439,16777215
3872.643,2015-08-09 09:36:47,萌,1223624,16777215
3872.843,2015-08-07 08:22:53,萌萌哒,1014703,16777215
3878.571,2015-08-10 10:10:47,这猴子绝了,1054114,16777215
4020.948,2015-09-05 04:40:49,基佬紫~~~~(*´∀`),1942381,6684774
4040.526,2015-08-09 11:12:52,傻蛋   海贼王是路飞啊,1710598,16777215
4041.538,2015-07-13 22:35:25,都是算计,535162,16777215
4047.315,2015-08-09 09:40:18,活该,1223624,16777215
4049.151,2015-08-07 08:25:49,没错,1014703,16777215
4058.119,2015-08-06 23:33:36,绍峰被骗了。。。,1550628,16777215
4066.69,2015-08-16 18:55:28,前面路飞的  海贼王不是罗杰么。,1402936,16777215
4070.144,2015-08-02 02:23:40,这好像是 周润发,1522182,16777215
4074.91,2015-08-07 08:31:45,本来就是周润发，。。。,1014703,16777215
4075.979,2015-08-03 04:52:49,。。。,880457,16777215
4080.329,2015-08-03 04:52:53,你不知道？,880457,16777215
4229.545,2015-08-04 13:37:57,70分钟了= =~！,1032188,16777215
4317.175,2015-08-07 08:46:21,233333333333,1014703,16777215
4321.696,2015-12-13 21:56:58,各种装逼啊2333333,2434670,16711680
4321.741,2016-01-23 11:57:37,帅,3252953,16777215
4341.405,2016-01-23 11:57:57,看入迷了？没人发,3252953,16777215
4347.794,2016-01-23 11:58:03,来个人,3252953,16777215
4356.124,2016-01-23 11:58:11,aye,3252953,16777215
4359.944,2016-01-25 02:55:18,淡定哥,2132385,16777215
4365.491,2015-11-26 02:54:14,打面啪啪啪,2388022,16777215
4366.224,2015-07-10 06:39:46,原画画质赶人,1165181,16777215
4375.256,2015-08-15 23:50:42,明月出天山，苍茫云海间。长风几万里，吹度玉门关。,1097395,16777215
4378.919,2015-07-16 21:28:37,我有特殊的朗读技巧,1104746,16777215
4379.773,2016-01-11 06:03:29,@梁逸峰,2868096,16777215
4380.936,2015-12-10 07:53:29,就剩下流畅了/(ㄒoㄒ)/~~,1612240,16777215
4384.76220703,2015-08-29 12:32:53,23333,1849043,16777215
4393.403,2015-07-16 21:27:55,梁艺峰,1104746,16777215
4393.468,2015-07-18 23:37:48,哈哈哈,883558,16777215
4394.896,2016-01-04 05:23:04,和上一集他自己的副将说的话一样,3000144,16777215
4399.941,2015-12-10 07:53:48,不会粤语听不懂啊,1612240,16777215
4405.401,2015-08-02 03:36:02,梁逸峰,1062645,16777215
4416.296,2015-08-08 10:29:39,梁艺峰加一2333333,1117906,16777215
4426.032,2015-08-06 23:40:38,这么容易就被忽悠了,1550628,16777215
4459.392,2015-10-02 12:29:30,没忽悠 他就信了,2129065,16777215
4471.718,2015-12-10 07:55:00,他搞错对象了,1612240,16777215
4472.799,2016-02-02 02:48:29,为什么我发哥在这里面智商感人？,1536349,16777215
4499.876,2015-07-17 12:19:08,脱吧 海等什么,1504203,16777215
4511.858,2015-07-12 03:47:57,赌神你也不喜欢》,1124138,3407616
4516.515,2015-08-24 00:34:31,发哥 干死他,1784620,16777215
4519.701,2016-01-22 10:31:33,发哥，你这么急啊？,1115880,16777215
4522.716,2015-09-18 07:09:38,可怜我发哥,1364861,16777215
4524.15087891,2015-08-29 12:35:09,发哥没啦？,1849043,16777215
4540.621,2015-08-07 08:50:45,每个被她亲过的都得死,1014703,16777215
4545.524,2015-07-28 23:59:54,就这么点情节 全是女主推动的,1559901,16777215
4546.734,2015-08-02 07:52:23,盒饭了么？,1382263,16777215
4549.0,2015-12-18 11:41:44,死的太狗血了,2787768,16777215
4563.147,2016-01-04 05:25:52,是第一个被炮弹打到的头头吧，，真倒霉,3000144,16777215
4573.957,2015-08-06 23:43:06,有些情节看不懂,1550628,16777215
4579.68115234,2015-12-03 06:55:31,发哥把碧池当颗粒不锁了,2704166,16777215
4582.294,2015-09-04 08:54:30,小峰错吧妹子当海神，专门请到自己船上自己船上说好话想让海神给自己更多领地，结果悲剧,1896567,16777215
4590.439,2015-08-15 13:18:47,这女的确实是做海盗的材料,170744,16777215
4639.984,2016-01-28 04:00:24,就是她,480015,16777215
4644.052,2015-12-13 22:02:21,你不是不承认吗,2434670,16711680
4644.485,2015-07-10 06:43:47,这下是普通话了,1165181,16777215
4645.774,2015-12-10 07:57:54,我听到了就是他,1612240,16777215
4654.414,2015-12-09 00:39:43,普通话粤语也有哈哈哈,1380120,16777215
4666.126,2015-07-17 12:21:54,章鱼船长也能被捕？,1504203,16777215
4674.256,2015-10-15 23:14:52,准将真是惨,319396,16777215
4678.927,2015-07-17 12:22:07,尼玛，火器时代阿,1504203,16777215
4679.48,2015-08-06 23:44:51,章鱼船长被控制了,1550628,16777215
4686.561,2015-09-13 04:59:26,红颜祸水,1811990,16777215
4689.87695312,2015-09-28 00:11:22,章鱼和大官一伙的 ,2120171,16777215
4704.45410156,2015-10-10 00:16:32,wordpress,1947975,16777215
4770.678,2016-01-23 08:16:16,所以这是为女主甩了男二做铺垫吗,3267630,16777215
4799.773,2015-08-06 23:47:16,为什么。。。这逻辑搞不懂啊，伊丽莎白又不是飞翔的荷兰人的船长,1550628,16777215
4807.92,2016-01-15 03:19:43,SB剧情说了半天谁杀死荷兰好的船长谁就接替他做船长，看了半天还看不懂bb个毛线,1632917,16777215
4808.291,2015-08-19 10:43:19,威尔要救老爹就必须杀了船长取而代之，作了船长之后只能每十年登陆一次，所以几乎等于放弃了女人,1423471,16777215
4810.113,2015-08-07 11:04:13,就是：救老爸=杀章鱼=当新船长=十年见老婆一次,636416,39423
4812.645,2016-01-28 04:05:07,特纳当了新船长就得十年才能上岸一次，十年一面的异地恋,480015,16777215
4820.373,2015-08-04 13:56:05,好可怜  有过十分钟,1032188,16777215
4824.568,2015-08-06 23:47:43,她不是做了绍峰船的吃慌张吗,1550628,16777215
4830.209,2015-10-15 23:17:28,不过永恒的生命呐,319396,16777215
4839.641,2015-07-10 06:46:54,类似老年痴呆,1165181,16777215
4843.467,2015-07-13 23:35:06,之后就一直活在重复之中,535162,16777215
4853.12011719,2015-11-25 09:48:13,老年痴呆,2100047,15079208
4863.30175781,2015-08-29 12:41:06,QAQ,1849043,16777215
4866.476,2016-01-04 07:31:43,说实话，看这个真的4266,2216460,16463928
4866.782,2016-01-26 12:18:34,海底生物记忆很短,3243744,16737792
4868.0,2015-12-22 00:46:19,老爸还是女人,1194149,16777215
4869.617,2016-01-04 07:32:22,有的场景真的好吓人，小孩子不会被吓到吗,2216460,16463928
4869.763,2015-07-10 13:56:06,灵魂已经劣化了,1519842,16777215
4913.753,2015-07-18 23:48:35,他们中出了一个叛徒@！,883558,16777215
4925.034,2015-08-06 23:49:23,(;´Д`)(;´Д`)(;´Д`),1550628,16777215
4931.705,2015-10-02 12:37:32,是两个叛徒,2129065,16777215
4954.199,2015-09-11 11:45:48,  都四分五裂了,854887,16750848
4973.241,2015-10-02 23:52:38,杰克 第三部是不是变胖了？,2129065,16777215
4978.323,2015-10-02 23:49:51,为什么昨天发上的弹幕 今天不见了？,2129065,16777215
4993.146,2015-08-02 07:59:49,各种心机啊,1382263,16777215
4997.602,2015-08-06 23:50:36,| ω・´),1550628,16777215
5008.221,2015-12-31 20:45:00,开始忽悠,1680416,16777215
5009.855,2015-10-02 23:53:15,杰克就是个 心机婊,2129065,16777215
5023.387,2015-09-05 04:59:02,(*´∀`),1942381,16776960
5026.572,2015-10-02 23:50:44,2015/10/3  11：50  发的弹幕,2129065,16777215
5030.636,2015-08-29 06:39:44,(´ﾟДﾟ`),1851605,16777215
5036.624,2015-10-02 23:50:57,只能看到当天发的弹幕吗？,2129065,16777215
5039.996,2015-08-08 10:38:23,（⊂((・⊥・))⊃）,1117906,16777215
5048.0,2015-12-18 11:53:25,(｡･ω･｡)ﾉ♡,2787768,16777215
5049.172,2015-10-02 23:51:10,昨天发了那么多弹幕，都没了,2129065,16777215
5053.0,2015-12-18 11:53:36,(｡･ω･｡)ﾉ♡,2787768,16777215
5063.845,2015-10-02 23:51:24,两个都是叛徒,2129065,16777215
5072.029,2015-11-26 03:10:37,这武器好强大哈哈哈哈,2388022,16777215
5073.644,2016-01-30 06:05:39,卧槽？,3273776,16777215
5075.866,2015-07-13 10:36:08,口臭攻击,1500078,16777215
5077.1,2015-08-09 09:57:28,233,1223624,16777215
5078.198,2015-07-11 10:13:01,臭死了,1233531,16777215
5080.66,2016-01-04 06:27:28,我擦 以为要吻上去,2724551,16777215
5083.901,2016-01-30 06:06:58,以为要吻上去的你不是一个人,3273776,16777215
5086.649,2015-09-18 07:19:02,口气熏死,1364861,16777215
5087.041,2015-08-14 06:30:33,ca ,1679179,16777215
5093.20900001,2015-12-26 08:55:10,生化武器,931009,16777215
5106.46191406,2015-08-29 12:45:13,走啊！,1849043,16777215
5145.482,2015-07-15 09:28:37,哎。。。。James好人啊。。。,979803,16777215
5148.63916016,2015-08-29 12:45:59,快快快！走啊，小声点啊,1849043,16777215
5170.209,2015-10-15 23:23:08,准将这辈子算是栽在这个女的手里了,319396,16777215
5172.0,2015-07-29 05:32:35,女主到底什么立场啊,1559901,16777215
5176.912,2015-10-03 00:11:05,发弹幕的，你们比他俩还激动,2129065,16777215
5181.66200005,2016-01-20 06:06:16,死于话多,3076969,16777215
5189.004,2015-09-04 18:20:35,亲一个  卖一个666666,1941473,16777215
5189.125,2015-07-16 09:05:01,威廉没亲一次。全给别人亲咯,1050540,16777215
5191.89,2016-01-21 02:45:02,噗哈哈哈哈,3193569,3708132
5194.166,2016-01-12 05:17:18,完了 亲了她的都死了。。。准将你已经药丸了,2868096,16777215
5194.741,2016-01-23 12:12:38,不要亲，亲过她的都会死！,3252953,16777215
5197.334,2015-10-15 23:23:35,亲谁死谁,319396,16777215
5198.159,2015-07-29 05:33:03,我靠怎么女主又亲别人了,1559901,16777215
5201.205,2015-12-08 22:45:40,女主跟谁都有一腿,1830545,16711680
5202.647,2015-10-25 21:29:47,谁亲谁死、,708591,16777215
5205.288,2015-08-17 07:52:33,亲过的好吗 ？,1394385,16777215
5209.859,2016-01-02 00:12:26,╮(╯▽╰)╭,3007487,16777215
5220.106,2015-09-14 03:47:29,亲一个死一个,607304,16777215
5221.866,2015-08-09 10:00:03,果然都要死,1223624,16777215
5237.211,2015-07-17 12:31:25,哈哈 ，好犀利，威廉想的是： 我的就是大家的，有共产主义精神,1504203,16777215
5247.76,2015-12-29 03:54:44,果然女主亲谁谁就死,2206420,16777215
5252.73,2015-07-10 07:07:10,公公杀的前未婚夫,1165181,16777215
5254.029,2015-07-10 07:07:17,好复杂,1165181,16777215
5255.111,2015-08-06 23:55:03,我靠，詹姆斯就这么便当了？,1550628,16777215
5256.312,2016-01-02 00:13:12,果然死了···,3007487,16777215
5277.4,2015-09-13 05:45:59,果然都是她亲过了就挂了,1811990,16777215
5284.153,2015-09-04 08:59:21,兰斯洛特,1896567,16777215
5294.479,2015-10-02 07:42:56,诺灵顿其实是好人~,490501,16777215
5299.337,2016-01-04 07:40:09,一直都很喜欢诺灵顿啊啊啊,2216460,16463928
5304.0,2015-12-24 12:40:18,贵族血统的acer一个,1812538,16463928
5311.175,2015-10-02 07:43:13,杰克船长其实不咋地啊,490501,16777215
5316.676,2015-08-02 03:19:58,也就现在罢了,1256726,16777215
5324.55712891,2015-09-03 10:52:40,伊莉莎白亲过的果然都没有好结局，James可惜了……,1921681,16777215
5329.357,2015-08-06 23:56:17,好复杂= =,1550628,16777215
5330.326,2015-10-03 00:13:50,这段音乐也好听,2129065,16777215
5335.16699219,2015-09-28 00:22:32,谁有钥匙做把柄谁老大,2120171,16777215
5339.858,2016-01-28 04:15:19,原来这bgm是这的来着,480015,16777215
5367.68603516,2015-08-29 12:49:50,2333,1849043,16777215
5383.409,2015-08-06 23:57:31,原来巴博萨是女巫救活的,1550628,16777215
5397.279,2015-08-15 13:32:14,这个女巫才是女神附体,170744,16777215
5399.257,2015-08-06 23:58:06,海洋女神是女巫？？？,1550628,16777215
5407.569,2015-08-09 10:03:19,哇,1223624,16777215
5568.71191406,2015-08-29 12:53:14,这个男主有点贱了,1849043,16777215
5572.518,2016-01-30 06:25:03,男主咋了,3273776,16777215
5575.466,2015-09-20 12:02:27,前面说贱的什么心态←_←呵呵,1760260,16777215
5581.059,2015-12-16 11:25:23,男主不是船长吗,504490,16777215
5597.437,2016-01-30 06:26:00,还是手贱2333,3273776,16777215
5614.465,2015-10-14 04:08:41,这男的和他的女的一直很欠，不过这世道大家都为了自己,1149146,16777215
5617.45,2016-01-30 06:26:57,不是圣母难道就是欠吗,3273776,16777215
5621.333,2015-10-02 02:48:28,都是船长的算计,2146306,16777215
5628.035,2015-09-11 12:02:32,这布景  绝了,854887,16750848
5635.323,2016-02-01 12:30:50,这些人放到现实生活就是贱     但是  这才是我们的海盗时代,3077382,16777215
5637.828,2015-08-29 09:53:25,汤婆婆的汤屋| ω・´),1851001,16777215
5638.95,2015-09-28 08:37:29,bgm,2077434,16777215
5644.75683594,2015-09-28 00:28:35,想道他们只是在室内一块绿色布上表演 观看系数大大降低,2120171,16777215
5644.88,2015-11-28 11:48:48,一切尽在船长掌握之中,2630763,16777215
5670.318,2015-10-03 00:21:42,杰克老爸要上线了,2129065,16777215
5673.445,2015-09-11 12:03:22,地球仪上插佩剑好帅！！！！！！！！！,854887,16750848
5675.277,2015-10-03 00:22:37,第四步里面 伊丽莎白和特纳没出场是因为他们两不想演了,2129065,16777215
5702.23,2015-07-13 23:50:11,噗,535162,16777215
5711.148,2016-01-20 06:13:54,233333,3160038,16777215
5717.265,2015-09-20 12:07:36,hhhh只有杰克的是银币,1760260,16777215
5717.812,2015-07-13 23:50:40,原来你的眼球有这个作用,535162,16777215
5725.796,2015-08-08 08:33:54,这眼球简直碉堡了,1212631,16777215
5753.854,2016-01-25 03:20:51,我要干死女主，这个贱女人,2132385,16777215
5788.346,2015-07-17 12:40:36,日本女人,1504203,16777215
5795.614,2015-08-24 00:32:56,很抱歉  中国的..,1562156,16777215
5826.102,2015-08-02 03:28:37,女主满眼崇拜：博巴萨你什么时候文采那么好了。。,1256726,16777215
5830.203,2015-08-21 08:26:05,超级演说家,776225,16777215
5838.952,2015-12-13 22:23:11,嘴炮MAX,2434670,16711680
5841.07714844,2015-08-28 06:35:35,满分作文,1689926,16777215
5873.296,2015-10-10 10:36:12,哇哦。。,2208193,16777215
5876.286,2015-10-03 00:34:46,这才是解决问题的正确方式,2129065,16777215
5877.213,2015-09-05 06:17:58,然后一团糟。。。。。,1238498,16711680
5886.21,2015-08-09 10:11:32,2333333,1223624,16777215
5904.668,2015-08-14 06:45:15,这是政治   这句话亮了,1679179,16777215
5918.715,2015-12-03 04:13:09,小日日,1258269,16777215
6021.777,2016-01-19 04:52:07,老爷子真帅(๑•́₃ •̀๑),3196424,16777215
6026.41,2015-07-29 06:44:54,･ﾟ( ﾉд`ﾟ),1559901,16777215
6037.234,2015-08-08 10:52:08,帅大叔你谁,1117906,16777215
6041.677,2015-07-17 12:44:50,这船长也是好看么,1504203,16777215
6042.011,2015-10-03 00:30:06,深海阎王能泡到海神 也是神作,2129065,16777215
6048.104,2015-09-04 09:14:36,比尔奈伊,1896567,16777215
6051.188,2015-08-20 02:15:33,这是章鱼哥？,1707240,16777215
6067.415,2015-08-13 08:34:02,萌船长,1734056,3381657
6070.37900003,2015-12-26 09:21:35,哈哈哈哈哈哈,931009,16777215
6078.793,2015-11-26 03:35:18,打脸了,2388022,16777215
6111.94,2015-10-03 00:32:11,他就是囚禁她的人啊,2129065,16777215
6133.138,2016-01-02 00:26:56,说得好！,3007487,16777215
6220.595,2015-10-03 00:41:46,就是为了把海盗引出沉船湾,2129065,16777215
6223.377,2016-01-15 02:38:38,这两个幼稚鬼真是够了233333,3115375,16777215
6241.268,2015-12-13 22:29:53,经典,2434670,16711680
6248.138,2015-12-02 11:45:43,路飞绝技口盾,2264593,16777215
6279.2890625,2015-12-03 07:25:07,杰克的爹,2704166,16777215
6283.175,2015-07-14 08:14:58,看这腔调是大杰克啊,1464457,16777215
6283.589,2015-09-13 12:24:41,杰克 爹地霸气登场！,1654959,16777215
6284.29200002,2015-12-24 03:38:31,他老爹！,2261522,3708132
6287.021,2015-07-14 10:35:56,老爹登场了  哈哈哈哈哈哈,1462363,16777215
6287.975,2015-07-29 06:49:16,爹地来了,1559901,16777215
6288.143,2015-09-13 06:14:41,帅爹,1811990,16777215
6296.47800002,2016-01-21 03:21:27,还是我船长帅,3193569,16777215
6298.334,2015-09-05 06:32:01,爹来了哈哈哈,1238498,16711680
6301.785,2015-07-10 07:26:48,哈哈哈 小杰克,1165181,16777215
6310.083,2015-07-11 00:31:34,boy,822815,16777215
6311.743,2015-09-11 12:14:00,杰克还很年轻咯？可是杰克差不多也有三十多了吧,854887,16750848
6317.395,2015-10-03 00:44:31,为什么又是这只狗？,2129065,16777215
6323.603,2015-08-13 09:49:44,狗狗,1686887,16777215
6325.606,2015-08-12 08:16:14,这个狗,1342244,10027263
6326.988,2015-10-03 00:45:00,又是海龟…………,2129065,16777215
6328.347,2015-08-09 10:18:54,好帅,1223624,16777215
6328.369,2015-07-14 12:10:56,这狗还没被土著吃掉吗？集集都叼着钥匙跑来跑去,671256,16777215
6331.575,2015-07-29 05:02:56,这小狗怎么跑出哪个岛的,1295298,16777215
6334.144,2015-08-21 08:34:44,第二集片尾有彩蛋，狗狗是土著王,776225,16777215
6334.613,2015-09-13 06:15:27,这狗狗。啊，萌到了,1811990,16777215
6334.778,2015-07-10 07:27:28,这狗不是原来那只,1165181,16777215
6337.36,2015-07-11 00:32:07, 又是这条狗,822815,16777215
6342.259,2015-07-17 12:50:08,不是原来那只了,1504203,16777215
6343.458,2015-08-04 14:20:41,神犬,1032188,16777215
6343.498,2015-07-10 07:27:44,原来那只老了,1165181,16777215
6387.969,2015-08-21 08:35:40,演老爹的就是吉他大师,776225,16777215
6391.755,2015-07-14 00:01:59,都投自己,535162,16777215
6399.299,2015-08-09 10:20:05,23333333,1223624,16777215
6401.724,2015-10-03 00:47:06,选她就达到自己目的了,2129065,16777215
6403.291,2015-08-02 02:25:38,66666666666,520496,16777215
6406.51,2015-12-13 22:32:38,66666666,2434670,16711680
6408.22,2015-08-29 07:05:38,基思·理查兹,1851605,16777215
6415.666,2015-08-08 08:46:11,233333这群根本不像是海盗啊，像是一群逗逼,1212631,16777215
6425.209,2015-08-09 10:20:31,老爹好霸气,1223624,16777215
6425.78,2015-09-11 12:15:54,不是海盗大帝却这么权威？,854887,16750848
6428.369,2015-07-15 09:51:06,哈哈哈哈老爹太霸气,979803,16777215
6431.577,2015-07-14 00:02:53,有人拿着小本本开始记,535162,16777215
6432.779,2015-09-11 12:16:12,百度百科说她成为海盗王 我真的不服,854887,16750848
6440.23800002,2016-01-21 03:24:15,不服+1,3193569,3708132
6443.0,2015-12-01 01:27:16,她真的有胆识也有智慧,1620785,16776960
6444.006,2015-09-05 06:34:26,噗,1238498,16711680
6445.56,2015-09-18 03:15:03,这群海盗果然全是逗比，老夫表示完全遭不住,1368653,16777215
6447.864,2015-08-09 10:20:54,2333,1223624,16777215
6448.537,2015-07-11 00:34:06,这声音,822815,16777215
6449.687,2016-01-28 04:49:24,怪不得要找人传话，声音太逗,480015,16777215
6452.181,2016-01-02 00:34:25,女主的成长历史,3007487,16777215
6459.138,2015-11-29 04:51:17,皮卡,1000648,16777215
6460.46,2015-07-11 07:15:48,小鸡嗓子,635066,16777215
6471.454,2015-09-05 06:34:55,大杰克好有气场,1238498,16711680
6471.959,2015-12-02 11:49:41,一个娇生惯养的千金大小姐成了海贼王 我要比狗,2264593,16777215
6486.221,2015-08-31 05:04:14,他妈妈头怎么那么小。。。。,1836518,16777215
6492.404,2016-01-26 12:47:20,把尸体榨干啊,3243744,16737792
6492.735,2015-10-10 10:47:03,瘪了,2208193,16777215
6493.936,2015-08-23 02:07:14,此处应有弹幕,950081,16777215
6494.826,2016-01-18 09:00:22,吹牛逼，他妈有胡子啊,2804266,16777215
6495.16,2016-01-23 00:41:42,卧槽，这是两兄弟？,1115880,16777215
6499.505,2016-01-15 03:51:08,杰克妈妈是野人吗？这个头,1632917,16777215
6499.609,2015-09-11 12:17:39,卧槽逗比一家.......但是没想到还会交代杰克的爸爸妈妈啊,854887,16750848
6501.112,2015-07-12 00:48:25,2333,1069814,16711680
6501.703,2015-08-08 10:58:39,6666666666666666666,1117906,16777215
6502.491,2015-09-02 14:29:53,..................,1211229,16777215
6504.45,2015-07-17 12:53:21,杰克的哥哥？,1504203,16777215
6506.22705078,2015-08-29 13:09:11,此处应有弹幕+1,1849043,16777215
6507.796,2015-09-02 14:29:59,......,1211229,16777215
6512.838,2015-07-29 06:53:00,亲爹啊,1559901,16777215
6516.69,2015-10-03 00:49:40,弹幕,2129065,16777215
6518.544,2015-08-09 10:22:04,明明是爸爸,1223624,16777215
6526.26,2015-07-19 10:14:59,《==是他老爹,68847,16777215
6530.952,2015-07-12 00:41:23,看样子路飞最多和杰克平级  还得选举才能当上海盗大帝,1135497,16777215
6532.459,2015-09-11 12:18:12,老爹真霸气  i like,854887,16750848
6536.07800002,2016-01-21 03:26:29,…,3193569,3708132
6541.595,2015-08-17 16:50:20,他妈是土著人？？,1558072,16777215
6544.042,2015-09-05 06:36:08,被吓到了,1238498,16711680
6546.259,2015-08-08 08:48:32,这鹦鹉真逗,1212631,16777215
6547.143,2015-07-19 11:51:58,然而鹦鹉早已看穿了一切,1544151,16777215
6547.765,2015-08-09 10:22:33,66666666,1223624,16777215
6550.524,2015-07-13 11:37:48,...................,1500078,16777215
6566.125,2015-08-08 07:21:08,好漂亮,1014703,16777215
6569.47800002,2016-01-21 03:27:05,帅,3193569,3708132
6571.375,2015-09-30 05:45:28,这里的海好蓝得♪(^∇^*),2134986,16777215
6576.993,2015-09-11 12:18:57,第三部杰克戏份怎么这样轻,854887,16750848
6581.08800002,2016-01-21 03:27:29,这木桶一秒出戏,3193569,3708132
6582.41800002,2016-01-21 03:27:33,2333,3193569,3708132
6582.863,2015-07-14 00:05:41,站在盆里好喜感,535162,16777215
6584.314,2016-01-26 07:04:46,都不是海，全是特效。,3088648,16777215
6586.395,2015-08-29 10:09:18,哈哈哈,1851001,16777215
6587.103,2015-08-13 09:54:08,23333,1686887,16777215
6587.251,2015-09-05 06:37:01,哈哈哈哈哈哈 站在水盆里,1238498,16711680
6588.844,2015-08-08 07:21:31,谁知道这是在哪里拍的吗？,1014703,16777215
6589.814,2015-08-08 07:22:12,233333333333333333333333,1014703,16777215
6591.02783203,2015-08-29 13:10:43,23333333333,1849043,16777215
6591.13800004,2016-01-07 07:43:10,2333,3084709,16777215
6598.26,2015-08-14 08:18:24,白色沙滩   佛罗里达 得克萨斯 有    夏威夷也是白色沙滩,1679179,16777215
6603.983,2016-01-20 06:28:47,不能上陆地2333333,3160038,16777215
6604.272,2015-07-29 06:54:33,好帅的感觉,1559901,16777215
6605.196,2015-09-13 06:20:46,猴子：你们吓到我了,1811990,16777215
6616.904,2015-08-02 04:07:18,苦逼10年才能上陆地一次，只能站【盆里了,1256726,16777215
6617.614,2015-11-24 05:33:13,没准是合成的,2586906,16777215
6618.508,2015-12-27 19:48:36,加勒比海附近很多很多白色沙滩的,420734,16777215
6619.45,2015-07-17 12:55:16,这节奏 碉堡了,1504203,16777215
6621.409,2015-07-13 05:37:38,瞬间变西部片了,1335005,16777215
6626.25800003,2016-01-21 03:28:21,噗哈哈哈哈,3193569,3708132
6688.26800003,2016-01-21 03:29:26,你走,3193569,3708132
6698.69800003,2016-01-21 03:29:45,这才是真爱啊 ,3193569,3708132
6709.664,2015-07-29 05:09:22,又被卖了,1295298,16777215
6716.638,2015-07-29 06:56:26,加勒比卖队友,1559901,16777215
6720.673,2016-01-17 10:41:23,巴博萨和杰克真是老油条，配合着把西班牙银币留下来了，我真心觉得伊丽莎白和特纳才是反派,3172476,16777215
6729.51800003,2016-01-21 03:30:26,所以说俩油条才是真爱,3193569,3708132
6735.64,2015-10-14 05:42:30, 加勒比上都是自私的,1149146,16777215
6742.045,2015-09-30 05:53:57,章鱼哥微抿的小嘴唇,2134986,16777215
6753.33984375,2015-09-03 10:14:38,这剧就是各种卖与被卖啊2333,1759102,16777215
6760.497,2015-11-28 12:07:23,其实杰克都算计好了,2630763,16777215
6762.674,2016-01-20 06:35:24,不能离开水盆的章鱼哥,3160038,16777215
6804.28800003,2016-01-21 03:31:48,精分 又开始了,3193569,3708132
6809.88,2015-08-09 10:26:56,七大信物集齐了,1223624,16777215
6817.774,2015-12-13 22:39:30,精分现场,2434670,16711680
6855.991,2015-12-13 22:40:08,花生233,2434670,16711680
6862.519,2015-08-08 11:04:45,哈哈哈哈哈哈哈哈是不是有病,1117906,16777215
6889.63916016,2015-09-03 10:17:25,哈哈哈哈哈哈哈身高差,1759102,16777215
6893.03800003,2016-01-21 03:33:38,这些信物真是不知该从哪吐槽,3193569,3708132
6968.68,2016-01-07 13:03:41,影帝影帝..真男主...,1225045,16777215
6971.98800003,2016-01-21 03:35:02,靠,3193569,3708132
6973.711,2015-12-24 10:29:22,23333333333333,2414287,16777215
6976.197,2015-10-14 23:59:55,23333,852017,16777215
6978.11,2015-09-11 12:26:14,他们怎么知道女巫是科莉布索了呢。。,854887,16750848
6981.91,2016-01-04 07:17:33,这是关键人物3333333333,3000144,16777215
6982.813,2015-12-24 04:06:03,一脸高潮样,1951739,16777215
6983.95800003,2016-01-21 03:35:24,瘾君子的即视感,3193569,3708132
6991.312,2015-10-03 01:09:26,卡里普索 自己告诉巴伯撒的，她想被释放,2129065,16777215
7000.259,2015-08-09 11:25:31,变身,1710598,16777215
7030.79800003,2016-01-21 03:36:32,忍法.倍化之术,3193569,3708132
7034.024,2015-08-09 10:30:50,蛇嘛,1223624,16777215
7042.10081821,2016-01-31 06:40:17,捆绑play,1053418,16777215
7044.29,2015-08-12 08:48:29,@女娲,1342244,10027263
7048.604,2015-09-11 12:27:32,这魔幻.........,854887,16750848
7051.402,2015-08-09 11:26:23,好性感,1710598,16777215
7054.855,2015-08-09 10:31:11,好大啊,1223624,16777215
7063.353,2015-08-09 10:31:20,会变成蛇嘛？,1223624,16777215
7063.383,2015-09-04 19:07:22,哇塞,589571,16777215
7069.45800004,2016-01-21 03:37:32,就只变大而已？ 好歹是女神 来点仙气好嘛,3193569,3708132
7069.541,2016-01-23 00:51:17,赶紧去抱大腿啊,1115880,16777215
7070.11900001,2016-01-27 04:05:24,绳子刚好遮住了三点,3288929,3708132
7070.899,2016-01-07 13:05:23,然而衣服没爆,1225045,16777215
7072.573,2015-09-07 08:10:22,为什么衣服没炸,990445,16777215
7073.32177734,2015-09-28 00:52:32,船结实,2120171,16777215
7078.115,2015-09-11 12:28:03,这不是巨人吗,854887,16750848
7082.98300001,2015-12-26 04:18:28,女巨人wwwwwwwww,1545173,16777215
7088.023,2015-10-17 07:40:20,初代是怎么抓住她的。,503677,16777215
7090.174,2015-09-11 12:28:15,竟然只是变大 而不是变身【【,854887,16750848
7092.941,2015-12-24 04:09:23,是衣服结实,1951739,16777215
7100.12800004,2016-01-21 03:38:12,就不能变好看点么,3193569,3708132
7106.0,2015-11-09 07:59:25,为啥衣服也会跟着变大？,239552,16777215
7119.168,2015-08-09 10:32:16,美杜莎？？？,1223624,16777215
7120.613,2015-08-31 05:15:19,螃蟹？,1836518,16777215
7122.234,2015-08-08 11:09:17,巴布沙蓝眼睛诶,1117906,16777215
7125.124,2015-10-03 01:12:28,大闸蟹,2129065,16777215
7128.35,2015-07-29 05:16:40,说的么家？,1295298,16777215
7131.24,2015-11-26 03:54:28,麻麻说今晚次海鲜,2388022,16777215
7138.235,2015-07-17 13:07:12,什么东西？,1504203,16777215
7141.622,2015-07-17 13:07:16,螃蟹？,1504203,16777215
7143.706,2015-09-11 12:29:08,这个剧情我已经看不懂了..,854887,16750848
7145.13,2015-08-20 02:35:04,大闸蟹？,1707240,16777215
7145.202,2015-08-09 10:32:45,居然是螃蟹~,1223624,16777215
7145.603,2015-07-29 07:06:41,螃蟹耶,1559901,16777215
7146.02,2015-08-02 08:30:58,开始我还以为是一堆骷髅。。。,1119721,16724838
7152.444,2015-07-10 14:39:42,说来为什么是螃蟹。。。,1519842,16777215
7156.413,2015-08-12 08:50:21,螃蟹推船的螃蟹,1342244,10027263
7157.125,2015-08-08 07:31:39,人呢,1014703,16777215
7158.731,2015-08-13 10:03:40,有本事放来广东,1686887,16777215
7161.593,2015-07-19 12:33:37,如果是龙虾你们又要问为什么是龙虾,1544151,16777215
7172.489,2015-08-09 10:33:12,我觉得应该是蛇,1223624,16777215
7178.162,2015-08-08 07:32:02,当时就是女巫用螃蟹就出杰克的,1014703,16777215
7179.68212891,2015-08-29 13:20:49,23333龙虾太喜感,1849043,16777215
7180.381,2015-08-20 02:35:40,难道为啥不是美人鱼,1707240,16777215
7184.757,2015-07-12 10:27:14,河蟹了,716984,16777215
7186.82,2015-08-15 14:06:19,暴风雨来了,170744,16777215
7254.965,2016-01-02 00:47:49,当初那个船长是怎样爱上海神的，不解啊，口味真是太重了···,3007487,16777215
7264.089,2016-01-25 03:46:54,你们那么牛逼，来操我啊！,2132385,16777215
7271.679,2015-12-30 01:50:19,贞德,2783241,16777215
7274.31,2016-01-02 22:06:33,勇敢的心即视感,2494129,16777215
7274.554,2015-12-13 22:47:07,满分作文,2434670,16711680
7279.766,2016-01-13 12:09:26,@haynar     @haynar @haynar@haynar  @mrk,2619942,1498332
7284.363,2015-08-16 02:19:19,斯巴达式演讲,1747678,16777215
7297.034,2015-08-12 08:17:32,你有主角光环啊,1168474,16777215
7308.718,2015-12-13 22:47:41,燃起来了,2434670,16711680
7311.223,2015-09-04 03:26:46,好大一锅心灵鸡汤,1867609,16777215
7313.50800004,2016-01-21 03:41:54,想当主角 语文要好,3193569,3708132
7315.194,2015-08-02 08:33:51,妈呀好燃的赶脚,1119721,16724838
7321.195,2015-09-11 12:32:06,让我替杰克哭一下  戏份都被抢了,854887,16750848
7330.275,2015-09-05 06:49:26,突然就燃了呢,1238498,16711680
7354.373,2015-07-11 00:59:11,大海贼时代,822815,16777215
7359.0,2015-11-04 02:23:01,风到底往那边吹的……,1101913,3708132
7366.15800004,2016-01-21 03:42:52,我也想知道,3193569,3708132
7376.043,2015-10-03 01:26:01,小心啊！ 打雷啦！ 下雨收衣服啊！,2129065,3407616
7378.505,2015-12-30 07:56:16,这是伏笔，暗示往两队中间吹,1259284,16777215
7384.961,2015-11-29 05:06:49,两边往中间吹,1000648,16777215
7386.694,2015-10-03 01:21:51,我爱你，所以要毁灭你！！,2129065,16711935
7386.694,2015-10-03 01:19:01,卡里普索 还是帮了海盗了吧！ ？,2129065,16777215
7398.187,2015-10-26 11:40:07,两不相帮,297933,16777215
7429.618,2015-09-05 06:51:05,漩涡,1238498,16711680
7462.133,2015-08-09 10:38:07,真TM燃,1223624,16777215
7473.397,2015-09-05 06:51:51,好大的漩涡 好恐怖,1238498,16711680
7474.961,2015-07-29 05:22:27,为什么就两船先开始打,1295298,16777215
7478.622,2015-07-17 13:12:53,这特效牛b坏了,1504203,16777215
7480.09814453,2015-08-29 13:26:02,想船长Jack礼物,1849043,16777215
7495.614,2015-09-04 09:38:08,先锋对阵 战场规矩,1896567,16777215
7536.088,2015-09-05 06:52:56,黑珍珠怎么这么可怜 老是被打,1238498,16711680
7539.27,2015-10-14 05:55:58,这一部杰克到底干嘛的。。。,1149146,16777215
7557.689,2015-10-03 01:29:45,火药不会淋湿？,2129065,3407616
7559.819,2015-08-29 10:35:07,所以其实全剧的牢房门都是Will 做的(つд⊂),1851001,16777215
7581.71,2015-12-13 22:52:14,233333333,2434670,16711680
7583.016,2015-08-09 10:41:09,2333333,1223624,16777215
7589.673,2015-09-13 07:19:41,笑晕,1811990,16777215
7591.082,2015-10-10 11:05:37,jack的戏份在人数上补回来了。。,2208193,16777215
7602.013,2015-08-09 00:32:12,还有半小时,1014703,16777215
7612.038,2015-12-13 22:52:44,这部杰克负责精分现场,2434670,16711680
7654.328,2016-02-02 07:54:28,加勒比3的这种大场面是永远的经典！,1536349,16777215
7668.13,2015-09-13 07:21:00,这才是真正海盗们的战斗，好特么爽,1811990,16777215
7671.23,2015-10-03 01:41:50,又见面了,2129065,16777215
7676.638,2015-10-14 05:58:15,又是这两个。。,1149146,16777215
7691.198,2015-07-11 06:29:40,历史总是惊人的相似,939636,16777215
7693.622,2016-01-28 05:15:56,又是这俩逗必,480015,16777215
7706.695,2015-12-13 22:54:19,2333333333,2434670,16711680
7707.236,2015-08-09 00:34:04,。。。。。。。。。。。。。。。,1014703,16777215
7710.285,2015-09-13 07:21:44,又是你们，,1811990,16777215
7712.905,2015-08-04 14:44:45,这两个逗比啊哈哈,1032188,16777215
7713.46,2015-09-05 06:55:53,历史总是惊人的相似,1238498,16711680
7724.624,2015-08-15 14:15:17,这两就和海盗船那2个活宝一样,170744,16777215
7739.775,2015-07-10 07:51:35,触须play,1165181,16777215
7758.986,2015-08-09 00:34:56,可惜宝箱不在,1014703,16777215
7794.242,2015-08-02 10:04:14,少侠好身手！跟我来新东方学做菜吧！,1119721,16724838
7795.148,2015-08-09 10:44:41,6666666,1223624,16777215
7800.206,2015-08-13 21:45:48,蜘蛛侠,1632375,16777215
7802.428,2016-01-23 14:59:36,不！跟我去蓝翔学挖掘机！这样你就无敌了！,3252953,16777215
7804.98,2015-12-13 22:55:57,杰克：我有特别的装备技巧,2434670,16711680
7828.423,2015-08-11 06:20:25,这是不开船了节奏吗,1606091,16777215
7829.281,2016-01-15 03:10:42,整个加勒比海盗的BGM都超赞,3115375,16777215
7844.067,2015-08-09 10:45:30,旋转木马？？,1223624,16777215
7845.582,2015-08-11 06:21:08,荡秋千,1606091,16777215
7848.643,2015-12-28 05:22:45,燃得爆炸！！！！！！！！！！！！！！！！！！！！！！！！,1401270,13382400
7849.578,2015-10-10 11:10:09,wrong！植物大战僵尸,2208193,16777215
7867.652,2015-07-17 13:19:22,no,1504203,16777215
7868.255,2015-08-17 04:31:31,这是不开船了节奏吗。  交换而已,1131587,16777215
7874.398,2015-10-14 06:01:33,这两狗男女还真是。。。,1149146,16777215
7876.847,2015-08-09 10:46:03,yes,1223624,16777215
7880.206,2016-01-25 03:58:23,讨厌男2跟女1,2132385,16777215
7882.10000001,2016-01-31 23:29:17,活该死了,3353393,16777215
7885.736,2015-07-17 13:19:40,不要嫁给这个龟孙，嫁给章鱼哥,1504203,16777215
7888.483,2015-08-09 10:46:15,too,1223624,16777215
7891.934,2015-07-13 12:02:35,我又特殊的泡妞技巧,1500078,16777215
7898.214,2015-08-09 00:44:05,233333333333,1014703,16777215
7909.597,2016-01-19 08:43:29,(;´Д`),3169157,16777215
7910.231,2015-08-09 10:46:37,66666,1223624,16777215
7911.775,2015-07-29 07:24:59,这都能在一起，简直了,1559901,16777215
7926.098,2015-08-09 10:46:52,2333333333,1223624,16777215
7929.319,2015-08-04 14:48:21,冀雪莹看到这了要想到我哟 哈哈,1032188,16777215
7929.335,2015-07-15 10:16:47,哈哈哈哈哈,979803,16777215
7930.251,2015-08-21 05:12:57,烧死那个什么雪莹,1775894,16777215
7934.452,2016-01-13 12:20:57,我愿意嫁给你哈依纳尔！！！！！！！！！,2619942,16777215
7934.775,2015-08-04 14:49:26,对单身狗造成了成吨的伤害 ,1032188,16777215
7939.53,2015-09-04 03:37:15,男主女主有病系列。,1867609,16777215
7939.72,2016-01-02 00:58:14,6666666666666666666666666666666666666,3007487,16777215
7939.896,2016-01-15 03:12:43,巴博萨的性格简直赞,3115375,16777215
7940.452,2016-01-23 15:02:15,幸好我还未成年...,3252953,16777215
7942.937,2015-08-22 03:34:27,丑人多作怪,1789271,16777215
7954.62304688,2015-09-03 10:37:13,杀人也不忘秀恩爱简直了,1759102,16777215
7955.36,2015-08-29 10:41:43,不就是个雪淫,1851001,16777215
7963.577,2015-07-17 08:12:10,情义绵绵剑法？,1050540,16777215
7967.97,2015-08-09 00:56:24,情意绵绵刀呀 我怕你把持不住耶,1014703,16777215
7972.853,2015-08-09 10:47:39,666666,1223624,16777215
7973.491,2015-07-29 07:26:01,这也是瞎整...,1559901,16777215
7980.544,2015-09-04 19:16:17,虐死单身狗系列,589571,16777215
7983.386,2015-07-29 08:46:15,新版求婚神技，我又学了一招,1089220,16777215
7986.042,2015-09-05 07:00:59,你们这些不懂情调的杂修 让他们亲完再打好吗,1238498,16711680
7991.595,2015-08-09 01:10:04,求你妹,1014703,16777215
7997.74900002,2015-12-24 04:11:07,然后男主死了。女主真是亲谁谁死,2261522,15932403
7999.721,2015-09-13 07:33:21,主角光环，哎(*´∀`),1811990,16777215
7999.872,2015-07-29 08:46:32,2233333333333,1089220,16711680
8000.36621094,2015-09-03 10:38:14,郎情妾意剑！,1759102,16777215
8001.41,2015-08-19 09:26:41,女主口水有毒。亲了就得死- -,1579549,16777215
8003.546,2015-09-05 07:01:17,天啦撸,1238498,16711680
8004.45,2015-09-11 12:43:40,我喜欢巴博萨和杰克多过这两人,854887,16750848
8005.315,2015-09-13 07:33:41,我喜欢猴子，233333,1811990,16777215
8008.955,2015-07-14 03:34:53,小猴萌,535162,16777215
8009.796,2015-09-05 07:01:23,不会死了吧男主,1238498,16711680
8010.841,2016-01-02 00:59:26,哈哈,3007487,16777215
8011.239,2016-01-25 04:01:38,三活宝,2132385,16777215
8013.288,2016-01-29 15:18:37,真不想看他俩，我的杰克船长呢！,3332077,16777215
8014.951,2015-07-17 13:21:49,终于亲到了,1504203,16777215
8015.18,2015-08-09 01:10:27,好喜欢这个猴子,1014703,16777215
8019.639,2015-08-04 14:50:52,好萌的猴子,1032188,16777215
8027.629,2015-09-05 07:01:40,这个小矮子挺有用的,1238498,16711680
8031.057,2015-08-09 01:12:09,卷尾猴,1014703,16777215
8058.115,2016-01-23 15:04:42,不知道为什么....突然觉得大章鱼豪口耐....,3252953,16777215
8058.244,2015-12-24 07:44:06,烤鱿鱼须须加点酱😱,2878239,16777215
8066.032,2015-08-08 11:23:01,哈哈哈哈哈哈触手怪好萌,1117906,16777215
8069.617,2015-10-10 11:14:01,为何不早用这招,2208193,16777215
8071.395,2015-08-09 01:12:49,呵呵,1014703,16777215
8126.548,2015-12-24 10:51:51,帅炸！,2414287,16777215
8127.022,2015-09-11 12:46:19,  截图！,854887,16750848
8133.771,2015-08-09 10:50:20,66666666666,1223624,16777215
8134.802,2015-12-13 23:25:26,这镜头帅炸了,2434670,16711680
8140.358,2015-09-13 07:35:56,哈哈哈哈，惊人的历史,1811990,16777215
8154.286,2016-01-23 15:06:21,让男主捡了个便宜..,3252953,16777215
8155.17,2015-09-17 05:39:01,233333333333,695540,16777215
8157.735,2015-08-09 10:50:44,23333333333333,1223624,16777215
8158.525,2015-09-13 07:36:14,哈哈哈哈哈，猴子、,1811990,16777215
8160.423,2015-08-08 09:17:53,哈哈哈，反正这只猴子打不死，就当生化武器被,1212631,16777215
8161.966,2015-09-05 07:03:55,卧槽,1238498,16711680
8166.285,2015-08-02 04:40:48,我擦啊，我的小猴子被这样射出来了啊．．．,627589,16777215
8167.743,2015-09-05 07:04:01,哈哈哈哈哈可怜的额猴子,1238498,16711680
8177.75,2016-02-02 08:04:37,那是受过诅咒的不死猴！,1536349,16777215
8179.356,2015-10-10 11:16:59,话说为何猴子的诅咒没有解除？？,2208193,16777215
8179.578,2015-12-13 23:26:11,猴子死不了,2434670,16711680
8180.976,2015-08-04 14:53:33,不死猴也叫jack,1032188,16777215
8188.196,2016-01-23 15:07:18,因为第一部结尾彩蛋它拿了个金币,3252953,16777215
8189.416,2015-12-13 23:26:45,第一集结尾彩蛋猴子偷拿了金币，所以还有诅咒死不了,2434670,16711680
8234.302,2015-09-05 07:05:07,666666666666,1238498,16711680
8236.596,2016-01-02 02:13:06,一群没女人管的货，真会玩,2591472,16777215
8249.908,2015-12-24 10:54:09,哈哈哈哈哈哈哈哈哈哈,2414287,16777215
8252.465,2015-12-09 03:13:20,233333,1830545,16711680
8253.0,2015-12-06 03:53:59,233333333333333333,1819968,3708132
8253.037,2015-07-29 05:56:56,2333333,1295298,16777215
8263.704,2015-12-03 02:35:31,。。。,895692,16777215
8266.459,2015-09-04 03:42:42,还能不能好好打架啊。。。,1867609,16777215
8337.067,2015-08-09 10:53:43,23333拔不出来了,1223624,16777215
8345.403,2015-09-11 12:50:19,@霍比特人@陶瑞尔@莱戈拉斯,854887,16750848
8355.973,2015-12-26 16:18:43,每次听章鱼哥哒哒哒的就觉的好萌,2932830,16777215
8381.456,2015-10-03 02:07:06,别废话了啊！不然船就是别人的了,2129065,16777215
8401.678,2016-01-25 04:09:36,死的好，女主亲谁死谁。神印证,2132385,16777215
8411.192,2015-08-09 10:54:57,太狠,1223624,16777215
8413.59200009,2016-01-09 02:14:53,这女主有毒…,3044581,16777215
8414.0,2015-12-01 02:04:46,女主口水真有毒？,1620785,16776960
8415.942,2015-10-02 03:35:57,都说了别亲女主 你不听，看吧,2146306,16777215
8419.741,2015-10-03 02:08:16,戴维琼斯怎么想的？不去抢心脏在这看好戏。,2129065,16777215
8425.66,2015-12-09 03:16:04,亲过女主的都要死！,1830545,16711680
8460.691,2015-09-11 12:52:19,我猜到了,854887,16750848
8463.799,2015-10-03 02:09:18,反派死于话多！！！,2129065,16777215
8466.304,2015-10-14 06:11:25,果然,1149146,16777215
8468.663,2015-12-09 03:16:47,想着也是,1830545,16711680
8487.043,2015-09-17 05:44:33,威尔难道死了？,695540,16777215
8492.551,2015-12-09 03:17:11,这俩逗逼还没死,1830545,16711680
8507.406,2015-12-09 03:17:26,前面问威尔死的人肯定没好好看,1830545,16711680
8526.511,2015-10-03 02:12:48,杰克救了特纳一命，自己放弃了当 飞行人荷兰号 船长的机会,2129065,16777215
8536.973,2015-07-17 13:39:14,杰克也是够坏的,1504203,16777215
8542.298,2015-10-26 12:07:04,没有一个女人替杰克受箱子，所以他不可能当飞翔荷兰人的船长,297933,16777215
8549.033,2015-09-28 08:14:04,ZH,2077434,16777215
8551.029,2016-01-15 04:32:22,前面说杰克坏的，杰克策划这么多就是想长生不死都让给特纳了,1632917,16777215
8551.94,2015-10-03 02:11:12,特纳成为船长了，杰克和伊丽莎白再不走就死了,2129065,16777215
8555.726,2016-01-29 06:47:14,杰克怎么坏了，他不是把机会给了开花吗，长生不老，不是一般人能做到的,2851647,16777215
8558.02,2015-07-24 12:17:36,为了救他好吗,1578174,16777215
8563.361,2015-08-09 10:57:29,666666,1223624,16777215
8567.334,2016-01-26 03:52:33,杰克帅爆了,3270427,16777215
8569.206,2016-01-04 07:45:19,杰克也在犹豫。。。当了就没自由了,3000144,16777215
8570.575,2015-09-04 19:27:06,猴子zhencongm,589571,16777215
8572.011,2015-09-05 07:10:45,他已经被乌贼杀了,1238498,16711680
8572.748,2015-08-06 03:53:18,jack,912061,16777215
8577.813,2016-01-23 15:16:05,杰克也是为了救他,3252953,16777215
8581.0,2015-12-05 04:03:29,抓在绳索上,2574944,16777215
8583.29,2015-09-11 12:54:26,这都行,854887,16750848
8583.484,2015-10-15 00:26:10,弹幕智商是真的低，看不懂还要一直bb,852017,16777215
8584.434,2015-08-13 10:38:25,猴子呢,1686887,16777215
8588.686,2016-01-23 15:16:15,你肯定没有好好看剧情！,3252953,16777215
8589.637,2015-08-13 10:38:31,...,1686887,16777215
8594.189,2015-09-17 05:46:20,猴子是挂。。。,695540,16777215
8601.441,2015-07-17 13:40:19,恭喜你俩终于在一起了,1504203,16777215
8602.897,2015-10-03 02:14:07,猴子机智,2129065,16777215
8603.45703125,2015-09-20 02:17:34,猴子太可爱辣,2066910,16777215
8620.789,2015-07-29 07:45:36,从海里起来衣服没湿吗,1559901,16777215
8633.073,2016-01-15 03:25:10,这两个幼稚鬼啥时候能不幼稚23333333,3115375,16777215
8645.241,2015-08-09 10:58:51,真霸道,1223624,16777215
8661.258,2015-07-10 08:07:00,大海怪呢,1165181,16777215
8662.671,2015-10-03 02:15:51,等特纳,2129065,16777215
8670.293,2015-08-09 01:24:51,挪威海怪早死了,1014703,16777215
8670.668,2015-07-14 03:46:15,死了吧，海滩上那个大尸体,535162,16777215
8679.913,2015-10-10 11:25:28,怎么死的,2208193,16777215
8682.447,2015-07-11 00:41:37,都去瓦斯琪尔玩吧,752015,16777215
8694.671,2015-07-29 07:46:49,……我老公重启完了又上线了,1559901,16777215
8699.146,2015-09-11 12:56:33,这船立刻一键换装也是醉,854887,16750848
8706.312,2015-09-04 19:29:21,这船翻新了,589571,16777215
8726.627,2015-09-11 12:57:14,=L=光环,854887,16750848
8728.439,2015-08-09 11:00:15,好帅,1223624,16777215
8729.877,2015-12-13 23:36:38,帅气,2434670,16711680
8738.847,2015-08-09 01:25:59,特纳成荷兰号船长了,1014703,16777215
8741.559,2015-07-14 08:51:15,开花好帅,1464457,16777215
8743.54200013,2016-01-20 07:08:37,两船终于不互打了😂,3076969,16777215
8743.674,2016-01-13 12:35:33,学船长的风格！！！没杰克船长帅好吗？！！！！,2619942,16776960
8744.297,2016-01-23 15:19:50,带些邪气,3252953,16777215
8744.913,2015-07-29 06:05:09,为什么那些海底动物都掉了，成人了？,1295298,16777215
8749.0,2015-11-14 21:16:34,特纳开启10年草一次模式,1769144,16463928
8750.765,2015-08-02 10:21:03,帅哭了啊啊啊啊啊！！！！！,1119721,16724838
8753.51953125,2015-09-20 02:20:18,不喜欢T,2066910,16777215
8756.905,2015-07-17 12:35:00,听说东印度的船能1打2?,1372323,16711680
8758.344,2015-08-27 09:12:53,好帅！！！！！！！！！！！！,1828622,16777215
8760.245,2015-09-13 07:50:26,不是英俊小生的样子了，好帅,1811990,16777215
8761.41,2015-10-03 02:17:42,勋爵已经输了,2129065,16777215
8761.92,2015-07-29 07:47:57,因为关于戴维琼斯的诅咒已经解除了,1559901,16777215
8767.548,2015-08-09 01:26:28,dire,1014703,16777215
8772.912,2015-08-09 11:00:59,口水啊,1223624,16777215
8786.897,2016-01-15 03:28:12,吊打,3115375,16777215
8787.223,2015-09-11 12:58:16,教你做人,854887,16750848
8787.722,2016-02-02 08:17:15,蒙逼了！,1536349,16777215
8788.46500002,2015-12-24 04:25:52,他是不是懵逼了,2261522,10079232
8788.639,2015-09-17 05:49:35,吓蒙逼了。。。,695540,16777215
8791.369,2015-08-19 11:57:47,这人SB了？,1423471,16777215
8796.141,2015-10-03 02:19:29,别等命令了啊！没看到你们头儿已经认输了么，自己该打打该逃逃了,2129065,16777215
8800.199,2015-08-11 06:37:50,她们已经不在乎口水了,1606091,16777215
8804.403,2015-08-08 11:34:44,三排炮我觉得能1V5，可惜又开挂的荷兰人，东印度就赢不了了,1117906,16777215
8817.982,2015-10-31 11:06:36,三排炮啊 怕谁 可惜了,1862121,16777215
8819.407,2015-09-13 07:51:25,坏了好几部，该有正常结局了，领盒饭了,1811990,16777215
8840.391,2016-01-26 13:29:37,好喜欢这后面的慢镜头  蛋定男,3243744,16737792
8841.0,2015-11-15 07:38:50,因为太自傲了才会这样,2141294,16777215
8842.286,2015-08-15 14:33:56,两艘最强的开挂船，一个黑珍珠，一个荷兰人，打个蛋,170744,16777215
8845.883,2015-07-30 07:52:14,临终装逼,163968,16777215
8848.856,2015-08-09 11:02:15,乱世佳人,1223624,16777215
8849.294,2015-10-17 10:29:09,神一般的走位,880186,16777215
8858.444,2015-07-14 08:53:12,淡定哥,1464457,16777215
8862.993,2015-07-14 09:16:10,  装逼时间,687991,16777215
8864.006,2016-01-19 05:51:00,你们真是2333,3196424,16777215
8864.585,2016-01-28 05:38:39,牛逼啊，一摸栏杆都爆炸了,480015,16777215
8865.97265625,2015-09-20 02:22:21,好淡定,2066910,16777215
8866.719,2015-07-26 12:20:19,好走位,1494320,16777215
8867.236,2015-08-11 06:40:02,不怕被木材打到脸吗,1606091,16777215
8868.84,2015-09-18 08:22:57,闪避MAX,1364861,16777215
8871.662,2015-10-06 11:57:01,神走位,1707530,6710886
8872.29,2015-08-09 11:31:14,感觉好叼,1710598,16777215
8877.866,2015-10-10 11:29:04,致命一击 KO,2208193,16777215
8881.446,2015-07-17 08:28:13,为什么威廉当船长了，就都没有皮肤了,1050540,16777215
8888.796,2015-07-30 07:53:06,大家风格不同,163968,16777215
8889.979,2015-07-26 05:50:12,因为皮肤本海神是针对章鱼哥的诅咒  所以到威廉就没有了,1526986,16777215
8890.62,2015-08-16 22:03:14,威廉没冲钱 所以没皮肤,764313,16777215
8891.401,2015-07-30 07:53:27, 说错了，是画风不一样,163968,16777215
8894.599,2015-08-09 01:30:05,戴维琼斯的诅咒，失去人的面貌，失去自由，永远呆在海上。,1014703,16777215
8896.324,2015-07-10 11:38:30,asd,998782,16777215
8896.941,2015-07-17 13:45:14,腾讯卖的太贵,1504203,16777215
8899.314,2015-11-25 03:32:04,不是章鱼不守信用被女神给诅咒了吗,2196367,16777215
8902.298,2016-01-28 05:39:55,俩逗比装扮成海盗了,480015,16777215
8902.509,2015-07-19 11:02:39,威廉不是付费玩家,68847,16777215
8905.296,2015-08-15 14:34:59,船长可以选择新皮肤,170744,16777215
8906.158,2016-01-23 15:27:31,新手，还没成大神呢,3252953,16777215
8906.75,2015-07-19 10:56:26,因为年轻,1495923,16777215
8907.2890625,2015-08-29 13:50:13,每个人的画风不同233,1849043,16777215
8910.07226562,2015-08-29 13:50:27,大家风格不同2333,1849043,16777215
8912.793,2016-01-26 13:31:25,后头看两个逗逼换皮肤了,3243744,16737792
8914.39453125,2015-08-29 13:50:42,新皮肤233,1849043,16777215
8917.656,2015-08-09 11:03:24,23333前面的够了哦,1223624,16777215
8919.996,2015-09-04 19:31:16,选择新皮肤笑pee,589571,16777215
8920.119,2015-07-24 12:23:49,因为爱情,1578174,16777215
8922.085,2016-01-09 02:24:21,大写蒙比 这俩谁啊 hhhhhhhhhh,3044581,16777215
8926.77100009,2016-01-03 08:53:24,这俩逗逼皇家海军也加入海盗了,1777602,16777215
8926.939,2015-08-12 09:57:04,因为之前那个没有送阴灵过河所以变的，换了一个船长估计这个任务得重置,1342244,10027263
8927.118,2016-01-23 15:29:13,好吧，现在成了海盗，变4逗比了，简称海盗F4,3252953,16777215
8927.118,2016-01-23 15:28:43,那两不是军队的两逗比吗,3252953,16777215
8928.53,2015-10-14 06:19:07,这两个。。。,1149146,16777215
8930.97,2015-07-19 10:57:02,这两的逗比,1495923,16777215
8934.42089844,2015-12-03 08:11:43,四个逗比,2704166,16777215
8934.565,2015-07-21 09:49:22,因为之前的船长没有遵守约定送灵魂彼岸  变成海怪 是惩罚,1460333,16777215
8938.273,2015-08-09 11:03:44,其他海盗有个毛用,1223624,16777215
8941.307,2015-07-17 13:46:04,那俩逗比也从公安变成海盗了,1504203,16777215
8944.09375,2015-08-30 01:21:30,我觉得那两个看守  哈哈哈,1854751,16777215
8948.884,2015-08-03 10:53:45,他爹好帅,952135,65280
8962.218,2015-09-13 07:54:04,爹~233333,1811990,16777215
8965.022,2015-08-09 11:04:11,233333333333,1223624,16777215
8967.16,2015-07-29 06:08:52,捡回来,1295298,16777215
8967.592,2015-10-24 22:47:05,hhhhhhhh,2320057,16777215
8972.209,2015-09-17 05:52:38,23333333333333333333333,695540,16777215
8973.128,2015-08-09 01:31:24,233333333333333,1014703,16777215
8973.585,2016-01-23 06:16:30,哈哈……,1115880,16777215
8973.776,2015-08-09 11:04:20,666666,1223624,16777215
8976.465,2016-01-26 03:59:31,233333333333333,3270427,16777215
8978.463,2015-07-14 09:18:05,233333,687991,16777215
8979.89941406,2015-09-02 13:10:17,aye,1904361,16777215
8980.033,2016-01-04 07:28:14,从此以后两个船长幸福的生活在一起了,2724551,16777215
8983.582,2015-10-03 02:23:57,吉布斯：“你特么 逗我呢~~”,2129065,16777215
8991.06738281,2015-09-03 10:55:11,这看着好像夫妻档233,1759102,16777215
8998.653,2016-01-28 11:43:53,威尔不能上岸，为什么不让伊丽莎白上他船来搞啊,1871220,16777215
9035.522,2015-07-17 13:47:33,耳钉什么时候打的,1504203,16777215
9045.246,2015-07-29 07:53:10,我也想知道,1559901,16777215
9047.912,2015-08-09 11:05:34,是耳环啊,1223624,16777215
9048.765625,2015-08-29 13:53:09,23333耳钉,1849043,16777215
9063.787,2015-07-19 10:59:51,只能性福一天,1495923,16777215
9070.886,2016-01-15 04:42:12,在海上不能幸福吗  特纳不一定每天都再海底摆渡阴魂啊,1632917,16777215
9071.83691406,2015-12-03 08:14:10,在床上不能性福吗,2704166,16777215
9072.906,2015-08-09 11:05:59,伊莉萨白可以跟去啊,1223624,16777215
9077.282,2015-10-06 06:21:14,可惜了 杰克船长还没有女人,1212669,16777215
9079.634,2015-08-19 12:06:08,打了一天了，太阳都快落山了，抓紧时间吧~~~,1423471,16777215
9081.916,2016-01-04 07:54:14,上岸pa一整天,3000144,16777215
9086.53,2015-08-22 03:00:31,为什么不能去船上,648280,16777215
9092.697,2015-08-02 04:47:46,杀青之日,1256726,16777215
9099.987,2015-07-29 07:54:08,哈哈哈哈哈哈哈哈哈哈哈哈,1559901,16777215
9100.193,2016-01-27 07:54:39,我草  就不能再船上啪啪啪啪,1138642,16750950
9104.703,2016-01-28 11:46:34,目送你去啪啪啪,1871220,16777215
9106.363,2016-01-25 04:23:11,不要亲我可爱的船长，你这个害人精。你的吻有毒,2132385,16777215
9110.91,2016-01-23 15:33:22,幸好拒绝了，要不然又要再死一次（他是主角死不了）那就再进魔狱一次,3252953,16777215
9110.91,2016-01-23 15:32:38,等等，她刚刚是不是想亲船长....,3252953,16777215
9111.66,2015-12-10 09:15:54,再亲哥还得死一次,1612240,16777215
9113.272,2015-07-17 13:48:50,不要问 爱过 先就我妈,1504203,16777215
9116.301,2016-01-04 07:54:48,怕有毒333333333333,3000144,16777215
9116.934,2016-01-28 11:46:47,所有人围观你去啪啪啪,1871220,16777215
9119.079,2015-08-05 01:13:31,相交了。。。,1588870,16777215
9122.861,2015-07-19 11:01:06,bich,1495923,16777215
9125.724,2016-01-23 06:19:03,还想亲我？再亲老子抱你进屋了,1115880,16777215
9127.42578125,2015-12-03 08:15:16,居然有中国的剑,2704166,16777215
9129.226,2015-11-26 04:27:49,2333333333333333333333,2388022,16777215
9132.082,2016-02-01 03:49:24,是邵峰的劍,2864154,16463928
9135.58,2015-10-06 06:22:12,杰克船长会碰到缘分的女人么 好期待,1212669,16777215
9136.659,2015-08-09 11:07:03,做啦？？？,1223624,16777215
9139.926,2015-07-19 11:01:29,卧槽，你才1分钟,1495923,16777215
9143.395,2016-01-04 07:30:58,不喜欢女主,2724551,16777215
9144.163,2015-09-13 07:57:06,哇塞~,1811990,16777215
9145.188,2015-10-15 00:35:25,这么快？,852017,16777215
9148.582,2015-07-13 03:37:27,干了个爽,460958,16777215
9150.0,2015-12-10 04:35:19,碧池,977656,16777215
9150.697,2015-09-04 19:35:47,1分钟2333333,589571,16777215
9153.708,2015-07-12 05:52:11,FU CK,1124138,3407616
9154.0,2015-12-01 02:17:12,卧槽,1620785,16776960
9156.013,2015-07-14 09:21:03,少林吮吸功,687991,16777215
9156.86,2015-09-11 13:05:00,有脚气（,854887,16750848
9159.724,2016-01-23 15:34:14,我靠，女王大人啊,3252953,16777215
9159.908,2015-07-29 07:55:17,这是迪士尼,1559901,16777215
9160.267,2015-11-30 05:43:55,威廉可以用一亿年不上岸 换取草伊丽莎白的时间啊,1850552,16777215
9160.339,2015-07-19 11:02:00,喵了个咪,1495923,16777215
9160.814,2015-07-14 08:58:14,啊啊啊啊啊,1464457,16777215
9161.09,2015-08-09 11:31:53,添啦,1710598,16777215
9162.606,2015-07-17 13:49:40,爽翻天,1504203,16777215
9167.65332031,2015-08-29 13:55:16,迪士尼！！！,1849043,16777215
9174.299,2015-10-15 00:35:54,十年只能干一次，一次干十年,852017,16777215
9181.692,2015-07-17 13:49:59,10年呢，好好的双双吧,1504203,16777215
9183.106,2015-07-17 01:30:38,万花丛中过，片叶不沾身,1104746,16777215
9183.344,2015-12-09 01:55:12,把她带上去啊！why not！？,1380120,16777215
9184.606,2015-07-13 12:24:58,人鬼情未了。。。,1500078,16777215
9192.55,2015-09-01 14:13:53,来了几次,1874203,16777215
9211.829,2015-08-09 11:08:18,为什么不跟上船//,1223624,16777215
9216.361,2015-08-02 04:49:16,等我浪完10年再来找你。。,1256726,16777215
9216.554,2015-08-02 10:28:49,就一起上船被。。既然相爱，怕什么到得了到不了,1119721,16724838
9218.463,2015-10-10 11:48:58, QvQ,2208193,16777215
9222.894,2016-01-15 04:45:43,上船的前面白看了？荷兰号是在海底摆渡阴魂的,1632917,16777215
9224.52,2015-11-30 05:45:00,先日一百年啊 之后就不上岸了啊,1850552,16777215
9224.861,2015-12-24 04:47:14, 算了，不亲了，万一这种状态都挂了呢！,1951739,16777215
9226.359,2016-01-02 10:27:29,十年打一炮,2845713,16777011
9226.791,2015-08-19 12:09:04,心脏要有人保管的，要爱人在岸上保管的亲,1423471,16777215
9227.951,2015-07-19 11:03:12,那不是不敢找鸡了,1495923,16777215
9228.222,2016-01-25 04:25:24,在干一炮,2132385,16777215
9230.606,2016-01-15 22:52:24,平时住水房水床就好了- -不上岸妥妥的,1225045,16777215
9234.688,2015-08-19 12:05:57,荷兰人只有死人才能上。。。,796287,16777215
9234.758,2015-07-28 10:47:14,bich,1556551,16777215
9237.867,2015-08-09 11:33:09,就地来一炮,1710598,16777215
9238.43,2015-07-13 12:25:52,BGM攒,1500078,16777215
9241.366,2015-07-10 08:17:04,我老婆在岸上 我十年才能打次炮,1165181,16777215
9243.173,2016-01-26 13:37:23,十年之痒begin、,3243744,16737792
9249.211,2015-08-02 10:29:22,真苦情-.-,1119721,16724838
9252.978,2015-07-26 05:56:58,其实就算每天来一炮   一年下来时间加起来也只是一天而已,1526986,16777215
9255.668,2015-09-01 14:14:57,好,1874203,16777215
9258.163,2015-07-19 11:03:59,头顶一片草原,1495923,16777215
9259.908,2015-08-09 01:37:47,荷兰号船长十年才能上岸一次,1014703,16777215
9267.859,2015-08-12 08:50:23,你是大禹啊,1168474,16777215
9269.036,2015-10-06 06:24:25,荷兰人号要运送死人的灵魂去阴间,1212669,16777215
9270.439,2015-07-17 13:51:27,这一炮太时间等的太长，我等不起，找杰克去了,1504203,16777215
9270.501,2015-07-12 02:12:57,女的可以去船上找他啊,1511129,16777215
9278.986,2015-07-22 07:48:17,箱子忘拿了就神作了,670951,65484
9283.067,2015-08-09 01:38:10,又来花,1014703,16777215
9292.287,2015-07-12 07:03:36, 不是一个时间啊,1233531,16777215
9292.57,2015-12-13 23:47:17,船又被巴博萨抢去了2333,2434670,16711680
9296.363,2015-08-09 11:34:14, 上岸一次得把十年的打回来,1710598,16777215
9299.831,2015-08-09 11:09:46,2333333333333,1223624,16777215
9353.705,2016-01-23 15:38:32,船长又得罪了两女人，到时候谁帮他挨嘴巴子....,3252953,16777215
9396.581,2015-09-11 13:09:00,巴博萨2333,854887,16750848
9414.736,2016-01-28 05:49:54,后面俩个海军,480015,16777215
9419.402,2015-07-26 06:00:01,神级龙套海兵- -,1526986,16777215
9421.488,2015-09-12 05:45:28,aaaaaa,1864073,16777215
9430.169,2015-10-03 02:31:50,前方高能预警 ,2129065,13369344
9442.341,2015-09-17 06:00:28,那个胖子我记得是海军啊。。,695540,16777215
9444.217,2015-08-09 01:41:00,航海图上有中文 是邵峰的,1014703,16777215
9446.501,2015-08-09 01:41:04,？,1014703,16777215
9452.322,2015-09-20 13:40:16,23333333333,1760260,16777215
9458.345,2015-10-10 11:40:29,中文,2208193,16777215
9458.784,2015-09-02 15:11:01,2333,1211229,16777215
9466.377,2015-07-15 10:42:27,哈哈哈哈哈哈好大一个白眼,979803,16777215
9478.868,2015-07-19 11:07:52,机智的杰克,1495923,16777215
9489.145,2016-01-23 06:25:06,66666第一集里杰克就是坐着这个小船上岸的,1115880,16777215
9493.831,2015-08-16 19:17:13,简直6啊,1402936,16777215
9515.499,2015-08-09 11:13:22,大副被扔下来了,1223624,16777215
9516.322,2015-08-02 10:36:22,自由啊 ~悠闲啊~,1119721,16724838
9523.505,2015-08-09 01:42:21,吃什么,1014703,16777215
9525.413,2015-09-04 23:37:36,片尾彩蛋,889755,13369344
9527.023,2015-08-21 08:50:19,有彩蛋，坚持看完字幕啊,776225,16777215
9527.487,2016-01-25 04:31:42,有有彩蛋么,2132385,16777215
9527.652,2015-08-07 12:35:27,得有朗姆加成,636416,39423
9531.208,2015-10-06 06:28:48,放荡不羁的杰克船长 哈哈,1212669,16777215
9534.589,2015-08-04 15:15:59,向往自由啊 ,1032188,16777215
9535.233,2015-10-16 12:40:58,罗盘神器啊,1155361,16724838
9539.224,2015-12-09 05:45:16,下一部的预告啊,1495744,16711680
9539.225,2015-08-24 07:10:21,感人？？？,1811075,16777215
9542.04,2015-08-02 10:36:49,最后那一幕太喜欢了,1119721,16724838
9551.157,2015-08-11 06:51:55,有彩蛋？！,1606091,16777215
9554.874,2015-10-06 06:29:11,彩蛋烟花放起 船长依旧,1212669,16777215
9577.477,2015-08-29 12:51:39,(´ﾟДﾟ`),1858091,16777215
9577.592,2015-10-03 02:34:53,第四部见233333333,2129065,16777215
9585.593,2015-12-05 10:14:08,为什么伊丽莎白不跟着她男人走啊,2665868,16777215
9593.869,2015-10-03 02:35:11,杰克 斯派格,2129065,16777215
9596.593,2016-01-03 12:20:02,ttt,3046596,16777215
9609.785,2016-01-03 12:20:15,赞,3046596,16777215
9620.7,2015-08-29 12:52:24,有44个在线,1858091,16777215
9622.773,2016-01-03 12:20:28,呵,3046596,16777215
9629.762,2016-01-19 06:06:04,坚持不跳,3196424,16777215
9647.459,2015-12-05 10:15:10,好纠结啊  2015 12.5 23:15,2665868,16777215
9651.058,2015-08-29 12:52:55,╮(╯▽╰)╭,1858091,39423
9663.017,2015-12-26 01:44:16,2015年12月26日14:44:08,737742,16777215
9663.525,2015-08-29 12:53:07,2015年8月30日00:49:33,1858091,39423
9666.227,2016-01-03 12:21:12,彩蛋哈,3046596,16777215
9680.08,2016-01-03 12:21:25,2016.1.4,3046596,16777215
9856.339,2016-01-26 04:14:11,等彩蛋,3270427,16777215
9970.0,2016-01-06 09:41:05,哪里感人.......,2769715,15932403
9982.55,2015-08-09 01:43:18,彩蛋要来啦~~,1014703,16777215
9997.372,2015-09-05 07:27:40,2015.9.5打卡~~~,1238498,16711680
10007.442,2015-08-21 00:58:34,YO HO,1786165,16777215
10012.16,2015-08-24 07:11:11,哈,1811075,16777215
10014.316,2015-08-09 11:14:59,难道是伊莉萨白怀上了？？,1223624,16777215
10015.202,2015-12-22 01:30:56,2015年12月22日15:30:53,1188341,16777215
10018.822,2016-01-23 15:51:59,2016/01/23，呀呀呀,3252953,16777215
10020.488,2016-01-01 01:32:29,2016.1.1    14：:32   新年快乐   等彩蛋的朋友们,1376539,16777215
10021.593,2015-08-11 06:54:57,不会真相了吧。。。,1606091,16777215
10022.141,2015-10-22 12:27:19,1510230027 锡林浩特 打卡,1394329,16777215
10022.534,2015-10-14 06:31:21,彩蛋呢- -,1149146,16777215
10037.0,2015-12-01 02:29:50,卧槽还真是,1620785,16776960
10039.948,2015-08-09 11:15:24,果然,1223624,16777215
10042.474,2015-09-04 19:52:40,十年后Elizabeth还是这么年轻漂亮,589571,16777215
10043.941,2015-11-07 05:32:04,一次就中奖了么。。。,1828720,16777215
10044.561,2015-08-09 01:44:04,小孩？,1014703,16777215
10051.24,2015-08-02 04:55:15,隔壁老王之女！,1256726,16777215
10051.31,2015-08-02 10:37:58,卧槽 那一炮有了孩子？！,1119721,16724838
10051.416,2015-07-17 14:01:57,这是谁的孩子,1504203,16777215
10053.746,2015-07-10 03:59:25,这个不是曲线积分的符号？,917380,16777215
10056.331,2016-01-23 06:26:46,我住隔壁我姓王,1115880,16777215
10056.339,2015-08-12 10:09:44,一发入魂？,1342244,10027263
10056.805,2015-07-29 06:19:18,开头哪个小男孩转世吗,1295298,16777215
10058.835,2015-08-17 05:00:20,绞死那个,1131587,16777215
10060.331,2015-08-24 07:12:00,哇！！！爸爸要回来了吧,1811075,16777215
10063.674,2015-08-02 03:09:09,这是杰克的孩子,1478745,13434624
10064.777,2015-08-29 12:53:54,卧槽！！！孩子(|||ﾟДﾟ),1858091,39423
10065.599,2015-07-29 09:13:06,一炮怀上？,1089220,16711680
10066.17,2015-07-19 11:10:04,多个人的孩子,1495923,16777215
10069.636,2015-07-17 14:02:16,肯定不是威廉的 ,1504203,16777215
10075.053,2015-09-11 13:21:00,这孩子好漂亮好可爱！！！,854887,16750848
10075.146,2015-08-09 01:44:35,来了,1014703,16777215
10075.5,2016-01-15 03:42:24,卧槽了睫毛逆天了！！！,3115375,16777215
10075.728,2016-01-25 04:33:32,也是世界的,2132385,16777215
10076.372,2015-08-21 08:52:16,正好赶上排卵期,776225,16777215
10078.688,2015-07-19 11:10:27,绝壁不是,1495923,16777215
10082.643,2015-08-29 12:54:12,是威廉的。。。。。,1858091,39423
10083.959,2015-07-19 11:10:37,你看，绿帽,1495923,16777215
10084.933,2015-08-02 10:38:32,那是谁的！！！,1119721,16724838
10085.354,2015-07-11 01:38:33,十年后,822815,16777215
10087.149,2015-08-11 06:57:09,就我想知道这是男的还是女的？,1606091,16777215
10088.134,2015-08-01 13:55:54,你们这群acer,1570228,16777215
10092.434,2015-08-02 10:38:55,最后一幕再次帅哭了。。孩子就是will的吧。。。,1119721,16724838
10094.565,2015-08-29 12:54:51,噢。。。(=ﾟωﾟ)=看下部了。。。,1858091,39423
10114.944,2015-08-11 06:58:32,第一次完整看完！辛亏有彩蛋！😂😂,1606091,16777215
10114.986,2016-01-23 15:53:36,就这样,3252953,16777215
